"There are 8 tables on this tab, each with 2 sub-tables. The first table is called Table B.4.1: Provincial/territorial government–sector health expenditure by province/territory and Canada, in millions of current dollars, 1975 to 2024. The sub-table Expenditure by year begins in cell A5 and ends in cell O55. The sub-table Annual percentage change by year begins in cell A57 and ends in cell O107. The note is in cell A108 and the source is in cell A110. The second table is called Table B.4.2: Provincial/territorial government–sector per capita health expenditure by province/territory and Canada, in current dollars, 1975 to 2024. The sub-table Expenditure by year begins in cell A114 and ends in cell O164. The sub-table Annual percentage change by year begins in cell A166 and ends in cell O216. The note is in cell A217 and the source is in cell A219. The third table is called Table B.4.3: Provincial/territorial government–sector health expenditure as a proportion of total health expenditure by province/territory and Canada, 1975 to 2024. The sub-table Percentage by year begins in cell A223 and ends in cell O273. The sub-table Annual percentage change by year begins in cell A275 and ends in cell O325. The note is in cell A326 and the source is in cell A328. The fourth table is called Table B.4.4: Total provincial/territorial government–sector health expenditure as a proportion of total provincial/territorial government programs by province/territory and Canada, 1975 to 2024. The sub-table Percentage by year begins in cell A332 and ends in cell O382. The sub-table Annual percentage change by year begins in cell A384 and ends in cell O434. The note is in cell A435 and the source is in cell A438. The fifth table is called Table B.4.5: Total provincial/territorial government–sector health expenditure as a proportion of total provincial and territorial government expenditures by province/territory and Canada, 1975 to 2024. The sub-table Percentage by year begins in cell A442 and ends in cell O492. The sub-table Annual percentage change by year begins in cell A494 and ends in cell O544. The note is in cell A545 and the source is in cell A548. The sixth table is called Table B.4.6: Provincial/territorial government–sector per capita health expenditure standardized by age and sex, and the percentage difference between standardized and actual expenditure by province/territory and Canada, in current dollars, 1998 to 2022. The sub-table Expenditure by year begins in cell A552 and ends in cell O577. The sub-table Difference by year begins in cell A579 and ends in cell O604. The note is in cell A605 and the source is in cell A607. The seventh table is called Table B.4.7: Provincial/territorial government–sector health expenditure by province/territory and Canada, in millions of 2010 constant dollars, 1975 to 2024. The sub-table Expenditure by year begins in cell A611 and ends in cell O661. The sub-table Annual percentage change by year begins in cell A663 and ends in cell O713. The note is in cell A714 and the source is in cell A716.The eighth table is called Table B.4.8: Provincial/territorial government–sector per capita health expenditure by province/territory and Canada, in 2010 constant dollars, 1975 to 2024. The sub-table Expenditure by year begins in cell A720 and ends in cell O770. The sub-table Annual percentage change by year begins in cell A772 and ends in cell O822. The note is in cell A823 and the source is in cell A825. There is a link back to the table of contents in cell A2.",,,,,,,,,,,,,,
Back to Table of Contents,,,,,,,,,,,,,,
"Table B.4.1  Provincial/territorial government-sector health expenditure by province/territory and Canada, in millions of current dollars, 1975 to 2024",,,,,,,,,,,,,,
Expenditure by year,,,,,,,,,,,,,,
Year,N.L.   ,P.E.I.    ,N.S.   ,N.B.    ,Que.  ,Ont.,Man.,Sask.,Alta.    ,B.C.     ,Y.T.  ,N.W.T,Nun.,Canada
1975,199.2,41.5,266.9,203.7,"2,531.2","3,143.5",376.7,302.1,694.9,928.2,6.2,15.2,—,"8,709.3"
1976,219.0,45.4,302.7,242.4,"2,972.5","3,612.5",449.3,364.1,811.6,"1,082.7",8.8,19.0,—,"10,129.9"
1977,233.5,50.3,334.6,271.7,"3,269.2","3,929.1",497.3,410.8,879.1,"1,193.1",10.0,23.4,—,"11,102.0"
1978,258.3,56.4,370.0,299.1,"3,661.8","4,229.4",524.9,445.8,"1,020.5","1,363.8",11.4,28.1,—,"12,269.4"
1979,297.3,62.5,413.1,336.7,"4,088.1","4,565.8",569.7,508.5,"1,258.2","1,556.5",12.4,27.9,—,"13,696.6"
1980,336.8,72.6,474.5,395.1,"4,607.8","5,164.6",652.8,604.5,"1,510.2","1,932.3",13.6,29.3,—,"15,794.1"
1981,393.4,84.1,572.4,478.2,"5,268.2","6,069.9",782.9,709.8,"1,871.3","2,374.8",15.0,35.5,—,"18,655.5"
1982,461.9,98.5,662.7,579.6,"6,101.1","7,104.3",915.1,859.0,"2,426.3","2,720.3",22.4,51.0,—,"22,002.1"
1983,515.7,109.5,728.7,627.2,"6,740.9","8,019.2","1,021.3",965.6,"2,769.4","2,932.2",22.8,57.8,—,"24,510.2"
1984,534.6,116.5,800.3,671.5,"7,165.5","8,826.6","1,102.1","1,022.9","2,843.5","3,074.8",23.5,62.0,—,"26,244.0"
1985,561.4,123.0,867.5,710.7,"7,577.2","9,746.8","1,182.6","1,101.3","3,035.1","3,200.6",24.9,71.9,—,"28,202.8"
1986,611.2,131.7,917.0,759.2,"7,715.3","10,995.1","1,269.6","1,223.4","3,316.8","3,443.3",27.6,91.2,—,"30,501.5"
1987,660.0,142.5,987.4,837.9,"8,257.9","12,203.4","1,364.8","1,264.5","3,308.1","3,660.8",29.4,105.4,—,"32,821.9"
1988,699.4,153.7,"1,071.6",900.8,"8,996.9","13,583.0","1,464.7","1,349.3","3,427.8","3,978.3",33.4,147.1,—,"35,806.2"
1989,751.1,163.1,"1,178.9",981.2,"9,631.6","15,079.3","1,587.0","1,500.2","3,792.9","4,455.9",36.3,174.6,—,"39,332.1"
1990,836.0,173.7,"1,263.6","1,057.2","10,317.0","16,195.9","1,742.8","1,636.4","4,043.8","5,043.6",38.6,187.9,—,"42,536.3"
1991,861.0,189.6,"1,333.8","1,102.1","11,360.9","17,951.3","1,788.7","1,658.2","4,241.0","5,578.3",45.6,213.9,—,"46,324.4"
1992,881.0,196.2,"1,356.8","1,142.4","11,721.3","18,810.3","1,867.8","1,635.9","4,506.3","6,060.7",49.1,213.6,—,"48,441.6"
1993,880.9,205.2,"1,322.9","1,154.7","11,860.6","18,618.2","1,856.8","1,539.4","4,452.2","6,424.1",58.1,218.4,—,"48,591.6"
1994,902.6,200.4,"1,280.1","1,189.3","12,055.6","18,753.5","1,861.9","1,560.5","4,103.5","6,740.9",71.5,214.0,—,"48,933.8"
1995,925.5,203.2,"1,302.6","1,235.2","12,171.3","18,549.6","1,903.4","1,595.6","3,904.8","7,007.1",68.7,220.6,—,"49,087.4"
1996,926.0,213.2,"1,317.7","1,234.4","11,954.6","18,696.5","1,922.8","1,637.4","4,091.3","7,186.1",67.6,200.8,—,"49,448.4"
1997,968.2,213.9,"1,552.0","1,213.9","12,165.9","19,065.6","1,976.6","1,749.2","4,527.6","7,434.9",69.6,212.8,—,"51,150.2"
1998,"1,050.3",228.8,"1,656.5","1,269.5","13,129.0","20,121.8","2,102.8","1,855.2","4,896.0","7,758.4",74.2,232.3,—,"54,374.7"
1999,"1,190.4",240.8,"1,749.7","1,369.8","13,506.9","21,592.8","2,395.3","2,000.0","5,641.1","8,390.8",78.4,166.8,115.4,"58,438.3"
2000,"1,246.8",258.2,"1,788.1","1,467.6","14,488.2","23,941.2","2,630.8","2,099.2","6,214.9","9,164.8",83.8,152.1,136.3,"63,672.2"
2001,"1,333.7",305.1,"1,885.1","1,597.0","15,520.7","25,257.5","2,794.1","2,280.2","7,033.8","10,118.4",96.9,170.8,146.0,"68,539.3"
2002,"1,423.3",344.4,"2,061.4","1,679.3","16,344.6","27,252.2","2,964.4","2,408.6","7,730.9","10,763.6",102.1,191.2,170.3,"73,436.3"
2003,"1,498.1",354.5,"2,271.0","1,793.0","17,146.0","30,380.5","3,220.5","2,550.9","8,287.0","11,185.5",103.8,191.3,235.8,"79,217.7"
2004,"1,538.7",347.8,"2,361.6","1,952.4","18,206.8","32,673.3","3,436.4","2,751.7","9,110.3","11,434.5",113.3,211.1,243.9,"84,381.8"
2005,"1,590.9",371.3,"2,576.9","2,131.6","19,146.9","34,935.5","3,698.2","3,006.7","10,197.5","12,168.9",122.7,217.3,224.2,"90,388.6"
2006,"1,690.8",385.7,"2,855.0","2,345.6","20,526.9","37,082.2","3,906.6","3,213.4","11,258.7","12,690.0",139.2,226.9,254.9,"96,575.8"
2007,"1,869.1",418.9,"3,096.5","2,502.8","22,311.9","40,472.6","4,161.9","3,501.7","12,704.1","13,640.2",146.6,254.5,275.4,"105,356.4"
2008,"1,999.7",452.6,"3,235.6","2,630.4","23,380.2","42,602.6","4,434.4","3,749.1","13,739.6","14,531.2",160.7,275.0,274.3,"111,465.3"
2009,"2,202.8",509.0,"3,387.7","2,787.1","25,118.4","45,331.2","4,786.2","3,986.5","14,586.6","15,166.5",186.2,289.9,298.1,"118,636.1"
2010,"2,441.4",560.2,"3,743.1","2,925.0","26,267.9","47,518.2","5,028.5","4,273.7","16,367.2","15,915.5",198.8,318.8,314.7,"125,873.1"
2011,"2,599.3",617.1,"3,985.0","3,079.5","27,363.1","49,067.7","5,237.7","4,546.4","16,918.3","16,494.1",212.9,351.8,341.4,"130,814.2"
2012,"2,817.5",629.3,"4,088.2","3,144.9","28,078.8","51,382.8","5,541.4","4,769.9","17,726.7","17,570.4",224.6,366.1,365.6,"136,706.2"
2013,"2,865.6",633.2,"4,126.8","3,133.6","29,257.1","52,534.8","5,780.8","5,038.0","18,460.6","17,956.2",235.3,411.9,391.3,"140,825.2"
2014,"2,881.9",634.6,"4,199.7","3,133.6","29,935.7","53,983.2","5,820.2","5,178.6","19,137.8","18,576.8",242.5,442.9,420.3,"144,587.9"
2015,"2,980.9",649.6,"4,277.2","3,217.8","32,779.2","55,468.2","6,092.0","5,361.7","19,875.6","19,271.3",262.6,471.9,445.8,"151,154.0"
2016,"3,034.2",675.3,"4,295.0","3,269.0","33,163.2","56,675.4","6,204.2","5,559.5","20,687.5","20,098.4",326.9,525.8,464.7,"154,979.1"
2017,"3,067.2",707.8,"4,418.3","3,343.9","34,750.4","58,528.7","6,338.3","5,666.8","21,506.1","20,814.5",369.9,504.5,514.1,"160,530.5"
2018,"3,151.5",742.9,"4,574.3","3,427.8","36,839.3","60,923.0","6,439.7","5,640.1","22,207.1","21,715.6",351.9,533.3,554.1,"167,100.7"
2019,"3,332.8",786.1,"4,806.7","3,514.8","38,799.3","63,298.2","6,609.2","5,877.7","22,611.5","23,066.8",352.4,543.4,607.1,"174,205.9"
2020,"3,331.4",821.0,"5,258.9","3,655.4","47,041.3","72,007.3","7,201.5","6,244.2","23,991.8","25,945.9",379.7,573.1,639.4,"197,090.7"
2021,"3,644.3",888.8,"5,677.6","3,954.9","51,130.3","77,439.6","7,542.2","6,556.5","25,014.8","28,641.1",404.5,608.9,615.5,"212,118.8"
2022,"3,900.3",966.1,"6,263.4","4,298.8","51,135.4","79,782.5","7,879.0","6,742.4","25,862.9","30,104.0",424.7,632.7,633.8,"218,625.9"
2023 f,"4,173.2","1,094.9","7,017.6","4,608.3","52,468.0","81,474.4","7,997.3","7,319.0","27,654.3","32,795.2",485.9,643.0,737.2,"228,468.2"
2024 f,"4,471.8","1,185.7","7,517.1","4,738.2","54,267.8","85,229.2","8,659.4","7,506.4","29,026.7","36,720.4",491.6,694.9,792.6,"241,301.7"
Annual percentage change by year,,,,,,,,,,,,,,
Year,N.L.   ,P.E.I.    ,N.S.   ,N.B.    ,Que.  ,Ont.,Man.,Sask.,Alta.    ,B.C.     ,Y.T.  ,N.W.T,Nun.,Canada
1975,—,—,—,—,—,—,—,—,—,—,—,—,—,—
1976,9.9,9.4,13.4,19.0,17.4,14.9,19.3,20.5,16.8,16.6,42.9,24.3,—,16.3
1977,6.6,10.8,10.5,12.1,10.0,8.8,10.7,12.8,8.3,10.2,13.3,23.4,—,9.6
1978,10.6,12.1,10.6,10.1,12.0,7.6,5.6,8.5,16.1,14.3,14.1,19.9,—,10.5
1979,15.1,10.9,11.7,12.6,11.6,8.0,8.5,14.0,23.3,14.1,8.5,-0.5,—,11.6
1980,13.3,16.1,14.9,17.3,12.7,13.1,14.6,18.9,20.0,24.1,10.0,4.9,—,15.3
1981,16.8,15.8,20.6,21.0,14.3,17.5,19.9,17.4,23.9,22.9,10.4,21.2,—,18.1
1982,17.4,17.1,15.8,21.2,15.8,17.0,16.9,21.0,29.7,14.5,49.2,43.8,—,17.9
1983,11.7,11.2,10.0,8.2,10.5,12.9,11.6,12.4,14.1,7.8,1.8,13.2,—,11.4
1984,3.7,6.4,9.8,7.1,6.3,10.1,7.9,5.9,2.7,4.9,3.1,7.3,—,7.1
1985,5.0,5.5,8.4,5.8,5.7,10.4,7.3,7.7,6.7,4.1,5.7,16.0,—,7.5
1986,8.9,7.1,5.7,6.8,1.8,12.8,7.4,11.1,9.3,7.6,10.9,26.9,—,8.2
1987,8.0,8.2,7.7,10.4,7.0,11.0,7.5,3.4,-0.3,6.3,6.6,15.7,—,7.6
1988,6.0,7.9,8.5,7.5,8.9,11.3,7.3,6.7,3.6,8.7,13.8,39.5,—,9.1
1989,7.4,6.1,10.0,8.9,7.1,11.0,8.3,11.2,10.7,12.0,8.5,18.7,—,9.8
1990,11.3,6.5,7.2,7.7,7.1,7.4,9.8,9.1,6.6,13.2,6.6,7.6,—,8.1
1991,3.0,9.2,5.6,4.2,10.1,10.8,2.6,1.3,4.9,10.6,18.1,13.8,—,8.9
1992,2.3,3.5,1.7,3.7,3.2,4.8,4.4,-1.3,6.3,8.6,7.6,-0.1,—,4.6
1993,0.0,4.6,-2.5,1.1,1.2,-1.0,-0.6,-5.9,-1.2,6.0,18.3,2.2,—,0.3
1994,2.5,-2.3,-3.2,3.0,1.6,0.7,0.3,1.4,-7.8,4.9,23.0,-2.0,—,0.7
1995,2.5,1.4,1.8,3.9,1.0,-1.1,2.2,2.2,-4.8,3.9,-3.8,3.1,—,0.3
1996,0.1,4.9,1.2,-0.1,-1.8,0.8,1.0,2.6,4.8,2.6,-1.7,-9.0,—,0.7
1997,4.6,0.3,17.8,-1.7,1.8,2.0,2.8,6.8,10.7,3.5,2.9,6.0,—,3.4
1998,8.5,7.0,6.7,4.6,7.9,5.5,6.4,6.1,8.1,4.3,6.6,9.1,—,6.3
1999,13.3,5.2,5.6,7.9,2.9,7.3,13.9,7.8,15.2,8.2,5.8,-28.2,—,7.5
2000,4.7,7.2,2.2,7.1,7.3,10.9,9.8,5.0,10.2,9.2,6.9,-8.8,18.1,9.0
2001,7.0,18.2,5.4,8.8,7.1,5.5,6.2,8.6,13.2,10.4,15.6,12.2,7.1,7.6
2002,6.7,12.9,9.4,5.2,5.3,7.9,6.1,5.6,9.9,6.4,5.4,12.0,16.6,7.1
2003,5.3,2.9,10.2,6.8,4.9,11.5,8.6,5.9,7.2,3.9,1.7,0.0,38.5,7.9
2004,2.7,-1.9,4.0,8.9,6.2,7.5,6.7,7.9,9.9,2.2,9.1,10.4,3.5,6.5
2005,3.4,6.8,9.1,9.2,5.2,6.9,7.6,9.3,11.9,6.4,8.3,2.9,-8.1,7.1
2006,6.3,3.9,10.8,10.0,7.2,6.1,5.6,6.9,10.4,4.3,13.5,4.4,13.7,6.8
2007,10.5,8.6,8.5,6.7,8.7,9.1,6.5,9.0,12.8,7.5,5.3,12.2,8.0,9.1
2008,7.0,8.0,4.5,5.1,4.8,5.3,6.5,7.1,8.2,6.5,9.6,8.1,-0.4,5.8
2009,10.2,12.5,4.7,6.0,7.4,6.4,7.9,6.3,6.2,4.4,15.9,5.4,8.7,6.4
2010,10.8,10.1,10.5,4.9,4.6,4.8,5.1,7.2,12.2,4.9,6.7,10.0,5.6,6.1
2011,6.5,10.1,6.5,5.3,4.2,3.3,4.2,6.4,3.4,3.6,7.1,10.3,8.5,3.9
2012,8.4,2.0,2.6,2.1,2.6,4.7,5.8,4.9,4.8,6.5,5.5,4.1,7.1,4.5
2013,1.7,0.6,0.9,-0.4,4.2,2.2,4.3,5.6,4.1,2.2,4.8,12.5,7.0,3.0
2014,0.6,0.2,1.8,0.0,2.3,2.8,0.7,2.8,3.7,3.5,3.0,7.5,7.4,2.7
2015,3.4,2.4,1.8,2.7,9.5,2.8,4.7,3.5,3.9,3.7,8.3,6.5,6.1,4.5
2016,1.8,4.0,0.4,1.6,1.2,2.2,1.8,3.7,4.1,4.3,24.5,11.4,4.3,2.5
2017,1.1,4.8,2.9,2.3,4.8,3.3,2.2,1.9,4.0,3.6,13.2,-4.0,10.6,3.6
2018,2.7,5.0,3.5,2.5,6.0,4.1,1.6,-0.5,3.3,4.3,-4.9,5.7,7.8,4.1
2019,5.8,5.8,5.1,2.5,5.3,3.9,2.6,4.2,1.8,6.2,0.1,1.9,9.5,4.3
2020,0.0,4.4,9.4,4.0,21.2,13.8,9.0,6.2,6.1,12.5,7.8,5.5,5.3,13.1
2021,9.4,8.3,8.0,8.2,8.7,7.5,4.7,5.0,4.3,10.4,6.5,6.3,-3.7,7.6
2022,7.0,8.7,10.3,8.7,0.0,3.0,4.5,2.8,3.4,5.1,5.0,3.9,3.0,3.1
2023 f,7.0,13.3,12.0,7.2,2.6,2.1,1.5,8.6,6.9,8.9,14.4,1.6,16.3,4.5
2024 f,7.2,8.3,7.1,2.8,3.4,4.6,8.3,2.6,5.0,12.0,1.2,8.1,7.5,5.6
Note,,,,,,,,,,,,,,
f: Forecast,,,,,,,,,,,,,,
Source,,,,,,,,,,,,,,
"National Health Expenditure Database, 2024, Canadian Institute for Health Information.",,,,,,,,,,,,,,
"Table B.4.2  Provincial/territorial government-sector per capita health expenditure by province/territory and Canada, in current dollars, 1975 to 2024",,,,,,,,,,,,,,
Expenditure by year,,,,,,,,,,,,,,
Year,N.L.   ,P.E.I.    ,N.S.   ,N.B.    ,Que.  ,Ont.,Man.,Sask.,Alta.    ,B.C.     ,Y.T.  ,N.W.T,Nun.,Canada (Average)
1975,357.92,352.59,322.88,300.87,399.86,377.83,367.52,329.31,384.21,371.34,281.70,355.89,—,376.32
1976,389.23,382.68,362.39,351.60,464.68,429.35,435.49,390.82,434.15,427.29,393.11,427.60,—,431.98
1977,412.98,419.50,398.29,390.49,508.18,462.03,479.36,434.85,451.21,464.19,444.82,525.96,—,467.93
1978,455.02,463.22,438.04,427.56,568.57,492.35,504.31,468.12,504.61,521.51,492.42,619.82,—,512.01
1979,521.43,508.78,486.34,478.80,632.25,527.10,549.26,529.79,600.00,583.99,538.34,610.04,—,565.94
1980,588.11,586.83,556.45,559.39,708.24,590.51,631.07,624.78,689.25,703.72,590.83,631.38,—,644.24
1981,683.86,680.54,669.59,676.90,804.64,688.80,756.03,727.41,816.76,840.17,628.88,748.69,—,751.63
1982,805.00,796.93,771.39,819.26,927.13,796.42,875.47,870.71,"1,023.82",945.70,908.05,"1,034.42",—,875.99
1983,890.49,875.34,839.18,877.41,"1,020.88",887.12,963.68,964.38,"1,156.99","1,008.50",963.37,"1,137.97",—,966.24
1984,921.67,920.53,912.11,932.06,"1,080.57",962.82,"1,028.27","1,008.20","1,187.79","1,043.32",982.67,"1,184.06",—,"1,024.87"
1985,969.15,963.50,979.28,982.59,"1,136.73","1,048.64","1,092.50","1,074.50","1,262.24","1,075.79","1,019.67","1,325.52",—,"1,091.35"
1986,"1,060.54","1,025.46","1,031.39","1,047.13","1,150.14","1,165.07","1,163.15","1,189.28","1,363.31","1,146.37","1,127.93","1,668.05",—,"1,168.63"
1987,"1,147.31","1,107.45","1,104.92","1,151.39","1,217.62","1,266.18","1,242.52","1,224.32","1,355.29","1,200.79","1,142.33","1,916.60",—,"1,241.06"
1988,"1,216.36","1,189.14","1,194.41","1,233.45","1,315.90","1,380.58","1,328.95","1,312.28","1,395.33","1,277.23","1,253.68","2,636.14",—,"1,336.46"
1989,"1,302.73","1,253.34","1,304.32","1,334.73","1,390.82","1,492.51","1,437.74","1,471.60","1,518.19","1,393.90","1,334.71","3,050.94",—,"1,441.96"
1990,"1,447.90","1,331.76","1,387.83","1,428.30","1,474.49","1,573.06","1,576.56","1,623.81","1,587.17","1,532.03","1,382.16","3,188.00",—,"1,536.10"
1991,"1,485.43","1,454.39","1,457.77","1,478.19","1,607.51","1,720.90","1,612.06","1,653.71","1,635.98","1,653.41","1,580.57","3,513.43",—,"1,652.23"
1992,"1,518.73","1,499.89","1,475.64","1,527.04","1,648.57","1,779.22","1,678.65","1,629.43","1,711.66","1,747.22","1,632.18","3,429.32",—,"1,707.42"
1993,"1,518.77","1,552.83","1,431.86","1,542.11","1,657.31","1,741.64","1,661.39","1,528.81","1,669.19","1,800.60","1,915.11","3,446.57",—,"1,693.99"
1994,"1,571.25","1,502.18","1,381.14","1,585.33","1,676.15","1,733.36","1,657.61","1,545.72","1,519.48","1,833.71","2,407.36","3,292.77",—,"1,687.33"
1995,"1,631.09","1,511.41","1,403.47","1,644.86","1,685.96","1,694.01","1,685.66","1,573.25","1,427.96","1,855.00","2,258.10","3,321.66",—,"1,675.21"
1996,"1,654.49","1,570.60","1,414.88","1,640.92","1,649.61","1,686.97","1,695.27","1,606.99","1,474.27","1,854.80","2,153.88","2,979.39",—,"1,669.98"
1997,"1,757.47","1,571.72","1,664.50","1,613.12","1,672.38","1,698.10","1,739.74","1,718.43","1,599.95","1,882.94","2,187.45","3,152.31",—,"1,710.37"
1998,"1,945.49","1,684.94","1,777.72","1,691.45","1,799.50","1,770.37","1,848.64","1,823.56","1,688.81","1,947.81","2,380.77","3,457.57",—,"1,803.16"
1999,"2,232.10","1,766.79","1,873.81","1,824.89","1,844.39","1,876.86","2,096.61","1,971.33","1,910.49","2,091.74","2,547.98","4,104.62","4,303.64","1,922.23"
2000,"2,361.57","1,892.16","1,914.85","1,955.50","1,969.32","2,049.18","2,293.04","2,083.39","2,068.73","2,268.94","2,755.14","3,758.43","4,957.45","2,074.98"
2001,"2,554.74","2,232.38","2,021.56","2,129.81","2,098.52","2,122.93","2,426.57","2,279.45","2,299.72","2,481.89","3,213.43","4,180.34","5,190.59","2,209.46"
2002,"2,740.19","2,516.09","2,204.25","2,240.93","2,196.48","2,253.48","2,562.88","2,416.19","2,470.92","2,624.94","3,366.50","4,585.56","5,908.40","2,341.78"
2003,"2,889.85","2,582.93","2,421.94","2,392.39","2,290.56","2,481.33","2,767.73","2,560.05","2,603.27","2,712.01","3,356.07","4,490.89","8,045.84","2,503.53"
2004,"2,974.07","2,525.84","2,513.37","2,605.18","2,416.14","2,637.15","2,928.98","2,759.14","2,812.86","2,751.56","3,601.41","4,875.03","8,175.77","2,641.98"
2005,"3,093.32","2,689.15","2,747.40","2,849.53","2,525.49","2,788.69","3,138.72","3,026.36","3,069.84","2,900.06","3,845.04","5,006.36","7,391.35","2,803.38"
2006,"3,311.42","2,797.26","3,044.15","3,145.79","2,689.61","2,928.63","3,300.68","3,238.32","3,290.63","2,991.66","4,313.06","5,253.78","8,272.55","2,965.07"
2007,"3,671.84","3,042.13","3,311.18","3,357.48","2,900.51","3,170.56","3,499.04","3,494.48","3,615.13","3,178.81","4,503.07","5,864.71","8,773.08","3,203.40"
2008,"3,908.91","3,262.24","3,456.96","3,521.86","3,012.29","3,306.67","3,702.19","3,685.07","3,820.93","3,341.01","4,858.60","6,339.44","8,597.90","3,352.61"
2009,"4,262.78","3,638.72","3,610.57","3,716.34","3,202.28","3,487.30","3,960.29","3,852.43","3,964.82","3,438.71","5,521.05","6,716.15","9,143.43","3,527.68"
2010,"4,676.98","3,955.24","3,972.94","3,884.34","3,312.68","3,617.27","4,119.05","4,064.71","4,385.52","3,564.06","5,745.65","7,363.98","9,434.86","3,701.51"
2011,"4,951.39","4,287.60","4,221.01","4,075.67","3,418.36","3,699.78","4,246.74","4,266.26","4,466.63","3,662.25","6,018.52","8,087.96","9,987.67","3,809.47"
2012,"5,354.13","4,357.38","4,334.57","4,148.30","3,483.83","3,836.73","4,436.35","4,404.28","4,578.25","3,843.99","6,211.82","8,391.40","10,548.48","3,938.14"
2013,"5,438.01","4,398.88","4,391.08","4,132.61","3,608.06","3,888.04","4,575.65","4,584.69","4,640.04","3,874.10","6,455.35","9,409.92","11,074.35","4,014.29"
2014,"5,458.47","4,404.36","4,478.36","4,130.49","3,674.20","3,964.18","4,556.17","4,657.06","4,689.18","3,941.86","6,539.03","10,100.84","11,687.28","4,080.48"
2015,"5,642.00","4,491.23","4,562.79","4,238.30","4,009.33","4,046.03","4,709.38","4,777.85","4,789.14","4,043.93","6,971.32","10,664.88","12,216.92","4,233.47"
2016,"5,729.39","4,597.10","4,554.68","4,282.53","4,031.98","4,084.28","4,721.15","4,896.09","4,930.97","4,134.40","8,480.18","11,781.82","12,567.80","4,291.77"
2017,"5,790.00","4,726.75","4,640.33","4,361.42","4,190.41","4,157.31","4,748.72","4,939.18","5,075.41","4,218.41","9,357.21","11,297.40","13,653.79","4,392.67"
2018,"5,964.23","4,879.51","4,754.59","4,448.86","4,392.46","4,252.40","4,760.66","4,878.06","5,173.40","4,324.98","8,709.93","11,974.50","14,460.34","4,507.39"
2019,"6,316.45","5,046.03","4,925.94","4,521.28","4,573.67","4,343.36","4,824.15","5,048.61","5,191.62","4,513.14","8,555.68","12,227.50","15,630.16","4,630.86"
2020,"6,322.76","5,156.96","5,316.52","4,665.89","5,501.20","4,877.94","5,217.98","5,348.85","5,443.40","5,012.63","9,049.86","12,876.41","16,195.54","5,182.69"
2021,"6,914.45","5,481.93","5,678.15","5,001.12","5,964.79","5,217.43","5,418.52","5,614.81","5,644.72","5,479.80","9,415.95","13,658.42","15,353.84","5,547.06"
2022,"7,337.07","5,778.31","6,107.97","5,309.98","5,896.48","5,267.91","5,574.48","5,721.52","5,733.43","5,620.31","9,674.28","14,160.04","15,655.47","5,614.57"
2023 f,"7,748.24","6,300.11","6,628.57","5,521.01","5,912.10","5,219.92","5,496.77","6,053.24","5,889.79","5,942.22","10,803.33","14,297.89","18,124.31","5,697.78"
2024 f,"8,271.93","6,654.10","6,994.63","5,600.07","6,003.15","5,309.98","5,824.99","6,074.57","6,016.40","6,463.58","10,762.76","15,383.18","19,344.85","5,872.51"
Annual percentage change by year ,,,,,,,,,,,,,,
Year ,N.L.   ,P.E.I.    ,N.S.   ,N.B.    ,Que.  ,Ont.,Man.,Sask.,Alta.    ,B.C.     ,Y.T.  ,N.W.T,Nun.,Canada (Average)
1975,—,—,—,—,—,—,—,—,—,—,—,—,—,—
1976,8.7,8.5,12.2,16.9,16.2,13.6,18.5,18.7,13.0,15.1,39.5,20.2,—,14.8
1977,6.1,9.6,9.9,11.1,9.4,7.6,10.1,11.3,3.9,8.6,13.2,23.0,—,8.3
1978,10.2,10.4,10.0,9.5,11.9,6.6,5.2,7.6,11.8,12.3,10.7,17.8,—,9.4
1979,14.6,9.8,11.0,12.0,11.2,7.1,8.9,13.2,18.9,12.0,9.3,-1.6,—,10.5
1980,12.8,15.3,14.4,16.8,12.0,12.0,14.9,17.9,14.9,20.5,9.7,3.5,—,13.8
1981,16.3,16.0,20.3,21.0,13.6,16.6,19.8,16.4,18.5,19.4,6.4,18.6,—,16.7
1982,17.7,17.1,15.2,21.0,15.2,15.6,15.8,19.7,25.4,12.6,44.4,38.2,—,16.5
1983,10.6,9.8,8.8,7.1,10.1,11.4,10.1,10.8,13.0,6.6,6.1,10.0,—,10.3
1984,3.5,5.2,8.7,6.2,5.8,8.5,6.7,4.5,2.7,3.5,2.0,4.1,—,6.1
1985,5.2,4.7,7.4,5.4,5.2,8.9,6.2,6.6,6.3,3.1,3.8,11.9,—,6.5
1986,9.4,6.4,5.3,6.6,1.2,11.1,6.5,10.7,8.0,6.6,10.6,25.8,—,7.1
1987,8.2,8.0,7.1,10.0,5.9,8.7,6.8,2.9,-0.6,4.7,1.3,14.9,—,6.2
1988,6.0,7.4,8.1,7.1,8.1,9.0,7.0,7.2,3.0,6.4,9.7,37.5,—,7.7
1989,7.1,5.4,9.2,8.2,5.7,8.1,8.2,12.1,8.8,9.1,6.5,15.7,—,7.9
1990,11.1,6.3,6.4,7.0,6.0,5.4,9.7,10.3,4.5,9.9,3.6,4.5,—,6.5
1991,2.6,9.2,5.0,3.5,9.0,9.4,2.3,1.8,3.1,7.9,14.4,10.2,—,7.6
1992,2.2,3.1,1.2,3.3,2.6,3.4,4.1,-1.5,4.6,5.7,3.3,-2.4,—,3.3
1993,0.0,3.5,-3.0,1.0,0.5,-2.1,-1.0,-6.2,-2.5,3.1,17.3,0.5,—,-0.8
1994,3.5,-3.3,-3.5,2.8,1.1,-0.5,-0.2,1.1,-9.0,1.8,25.7,-4.5,—,-0.4
1995,3.8,0.6,1.6,3.8,0.6,-2.3,1.7,1.8,-6.0,1.2,-6.2,0.9,—,-0.7
1996,1.4,3.9,0.8,-0.2,-2.2,-0.4,0.6,2.1,3.2,0.0,-4.6,-10.3,—,-0.3
1997,6.2,0.1,17.6,-1.7,1.4,0.7,2.6,6.9,8.5,1.5,1.6,5.8,—,2.4
1998,10.7,7.2,6.8,4.9,7.6,4.3,6.3,6.1,5.6,3.4,8.8,9.7,—,5.4
1999,14.7,4.9,5.4,7.9,2.5,6.0,13.4,8.1,13.1,7.4,7.0,18.7,—,6.6
2000,5.8,7.1,2.2,7.2,6.8,9.2,9.4,5.7,8.3,8.5,8.1,-8.4,15.2,7.9
2001,8.2,18.0,5.6,8.9,6.6,3.6,5.8,9.4,11.2,9.4,16.6,11.2,4.7,6.5
2002,7.3,12.7,9.0,5.2,4.7,6.1,5.6,6.0,7.4,5.8,4.8,9.7,13.8,6.0
2003,5.5,2.7,9.9,6.8,4.3,10.1,8.0,6.0,5.4,3.3,-0.3,-2.1,36.2,6.9
2004,2.9,-2.2,3.8,8.9,5.5,6.3,5.8,7.8,8.1,1.5,7.3,8.6,1.6,5.5
2005,4.0,6.5,9.3,9.4,4.5,5.7,7.2,9.7,9.1,5.4,6.8,2.7,-9.6,6.1
2006,7.1,4.0,10.8,10.4,6.5,5.0,5.2,7.0,7.2,3.2,12.2,4.9,11.9,5.8
2007,10.9,8.8,8.8,6.7,7.8,8.3,6.0,7.9,9.9,6.3,4.4,11.6,6.1,8.0
2008,6.5,7.2,4.4,4.9,3.9,4.3,5.8,5.5,5.7,5.1,7.9,8.1,-2.0,4.7
2009,9.1,11.5,4.4,5.5,6.3,5.5,7.0,4.5,3.8,2.9,13.6,5.9,6.3,5.2
2010,9.7,8.7,10.0,4.5,3.4,3.7,4.0,5.5,10.6,3.6,4.1,9.6,3.2,4.9
2011,5.9,8.4,6.2,4.9,3.2,2.3,3.1,5.0,1.8,2.8,4.7,9.8,5.9,2.9
2012,8.1,1.6,2.7,1.8,1.9,3.7,4.5,3.2,2.5,5.0,3.2,3.8,5.6,3.4
2013,1.6,1.0,1.3,-0.4,3.6,1.3,3.1,4.1,1.3,0.8,3.9,12.1,5.0,1.9
2014,0.4,0.1,2.0,-0.1,1.8,2.0,-0.4,1.6,1.1,1.7,1.3,7.3,5.5,1.6
2015,3.4,2.0,1.9,2.6,9.1,2.1,3.4,2.6,2.1,2.6,6.6,5.6,4.5,3.7
2016,1.5,2.4,-0.2,1.0,0.6,0.9,0.2,2.5,3.0,2.2,21.6,10.5,2.9,1.4
2017,1.1,2.8,1.9,1.8,3.9,1.8,0.6,0.9,2.9,2.0,10.3,-4.1,8.6,2.4
2018,3.0,3.2,2.5,2.0,4.8,2.3,0.3,-1.2,1.9,2.5,-6.9,6.0,5.9,2.6
2019,5.9,3.4,3.6,1.6,4.1,2.1,1.3,3.5,0.4,4.4,-1.8,2.1,8.1,2.7
2020,0.1,2.2,7.9,3.2,20.3,12.3,8.2,5.9,4.8,11.1,5.8,5.3,3.6,11.9
2021,9.4,6.3,6.8,7.2,8.4,7.0,3.8,5.0,3.7,9.3,4.0,6.1,-5.2,7.0
2022,6.1,5.4,7.6,6.2,-1.1,1.0,2.9,1.9,1.6,2.6,2.7,3.7,2.0,1.2
2023 f,5.6,9.0,8.5,4.0,0.3,-0.9,-1.4,5.8,2.7,5.7,11.7,1.0,15.8,1.5
2024 f,6.8,5.6,5.5,1.4,1.5,1.7,6.0,0.4,2.1,8.8,-0.4,7.6,6.7,3.1
Note,,,,,,,,,,,,,,
f: Forecast,,,,,,,,,,,,,,
Source,,,,,,,,,,,,,,
"National Health Expenditure Database, 2024, Canadian Institute for Health Information.",,,,,,,,,,,,,,
"Table B.4.3  Provincial/territorial government-sector health expenditure as a proportion of total health expenditure by province/territory and Canada, 1975 to 2024",,,,,,,,,,,,,,
Percentage by year,,,,,,,,,,,,,,
Year,N.L.   ,P.E.I.    ,N.S.   ,N.B.    ,Que.  ,Ont.,Man.,Sask.,Alta.    ,B.C.     ,Y.T.  ,N.W.T,Nun.,Canada (Average)
1975,75.3,70.2,69.8,73.4,74.9,71.1,69.0,68.5,70.0,67.1,38.8,43.5,—,71.4
1976,70.0,72.2,68.4,75.3,76.7,71.7,71.4,70.0,70.0,66.5,48.8,48.5,—,72.1
1977,64.3,73.2,71.3,75.7,77.8,71.1,70.4,69.9,69.1,65.1,54.0,47.4,—,71.9
1978,62.6,70.9,72.2,73.9,78.5,69.7,70.1,71.6,69.6,66.7,53.4,49.7,—,71.7
1979,62.8,64.7,72.1,71.6,79.4,67.9,69.2,72.3,70.6,68.0,51.7,47.4,—,71.4
1980,63.7,59.4,72.2,70.2,78.3,67.7,67.2,74.1,70.1,67.1,52.1,48.0,—,70.8
1981,63.3,61.7,72.6,70.2,76.5,68.2,67.9,74.8,71.3,69.2,53.3,48.1,—,71.0
1982,65.9,64.6,72.1,70.7,77.3,68.0,68.7,76.0,72.4,70.3,60.3,46.2,—,71.5
1983,66.7,66.6,72.5,70.1,77.7,67.7,69.1,76.8,76.5,70.6,59.9,46.8,—,72.0
1984,71.1,68.1,71.1,68.9,76.9,67.5,69.2,74.6,75.5,69.4,62.0,49.3,—,71.4
1985,71.4,67.9,70.4,69.3,75.5,67.5,68.5,72.0,74.6,69.0,62.6,51.9,—,70.8
1986,75.2,70.2,66.6,69.6,73.2,68.3,67.2,71.8,74.5,69.1,64.7,54.6,—,70.4
1987,74.9,70.2,63.3,70.2,73.3,68.3,68.9,71.5,73.4,68.5,65.6,58.2,—,70.1
1988,75.1,70.0,67.6,69.8,73.3,68.5,70.8,73.4,70.9,68.1,73.0,69.7,—,70.3
1989,75.7,68.2,67.3,70.1,72.5,68.6,70.3,73.1,70.8,68.5,73.2,75.0,—,70.1
1990,76.2,67.8,67.7,68.9,71.8,68.1,70.1,72.7,70.2,68.4,72.1,76.1,—,69.6
1991,74.7,67.6,67.7,67.6,72.0,68.5,69.4,71.5,69.9,68.6,72.9,76.5,—,69.7
1992,73.6,66.5,66.8,67.2,71.1,68.2,69.4,70.1,70.0,69.1,72.7,76.4,—,69.3
1993,72.9,65.8,65.3,66.4,70.1,66.3,67.5,66.9,68.1,69.1,72.6,76.1,—,67.9
1994,72.3,63.9,63.3,66.3,69.4,65.2,66.4,65.4,64.8,69.0,76.0,74.7,—,66.9
1995,72.9,62.1,63.2,67.9,69.5,63.3,65.3,65.3,63.9,69.3,71.8,74.8,—,66.1
1996,73.9,62.9,63.1,68.1,68.9,63.0,64.7,65.8,64.4,69.2,61.4,72.3,—,65.8
1997,74.2,62.9,65.6,65.4,67.5,61.9,63.7,65.9,63.6,68.6,67.4,73.6,—,64.9
1998,73.3,63.3,64.9,66.0,68.5,60.7,64.0,66.8,63.9,68.0,71.3,75.0,—,64.6
1999,75.2,63.6,65.3,66.0,67.0,60.9,64.7,67.1,64.4,68.3,71.8,74.8,80.9,64.6
2000,73.9,64.4,63.0,66.1,66.8,61.3,64.7,66.3,64.0,68.3,68.1,73.0,80.9,64.5
2001,74.0,64.1,62.6,64.7,65.8,60.4,63.8,65.7,63.4,68.9,67.9,71.2,79.2,63.9
2002,73.9,68.2,62.3,64.2,65.5,60.0,64.3,66.2,64.9,68.7,65.7,72.0,79.2,63.8
2003,72.7,65.9,63.2,64.3,64.8,61.3,65.4,65.5,65.0,68.2,66.4,72.6,80.6,64.0
2004,72.0,65.2,63.4,65.5,65.4,61.4,65.6,66.4,65.2,66.8,67.6,74.3,79.2,64.1
2005,71.0,66.2,64.0,64.7,64.9,61.7,65.7,67.6,66.1,67.5,66.2,68.1,73.6,64.3
2006,71.9,63.9,63.9,65.5,65.0,61.7,65.2,67.0,65.0,65.4,65.4,65.5,75.9,63.9
2007,71.7,65.5,64.5,66.3,65.6,62.4,65.4,67.6,66.1,66.2,62.9,66.1,75.4,64.6
2008,72.7,67.3,64.7,65.9,65.2,62.8,65.5,68.7,67.1,65.5,65.7,68.2,73.4,64.8
2009,73.2,67.0,63.5,64.8,65.7,63.3,65.6,68.1,67.6,66.0,66.4,65.7,75.5,65.2
2010,73.5,67.8,63.5,65.1,64.7,63.7,65.4,67.6,68.8,65.5,66.9,68.7,78.2,65.2
2011,74.1,68.0,64.9,66.0,65.3,63.9,66.2,68.5,68.6,65.9,67.1,70.0,78.7,65.6
2012,74.6,69.0,65.3,65.8,64.6,64.3,66.6,68.6,68.6,66.2,66.1,69.3,78.4,65.7
2013,75.1,69.2,66.0,66.2,64.8,64.4,67.8,69.3,68.9,67.5,66.7,71.8,79.7,66.1
2014,74.8,69.0,63.0,65.0,66.4,64.7,66.6,67.8,67.2,66.2,67.0,73.4,80.4,65.9
2015,75.3,69.1,63.8,64.6,68.1,64.4,66.4,67.0,66.2,66.2,68.3,73.1,80.2,66.1
2016,74.6,69.1,63.6,64.6,66.2,63.1,65.2,66.5,66.1,66.1,71.6,74.0,80.3,65.1
2017,74.2,66.7,63.6,63.4,66.0,62.6,65.2,65.9,66.2,65.5,73.0,73.1,81.0,64.7
2018,74.1,66.3,63.7,64.0,66.5,63.4,65.1,64.1,65.6,63.5,69.1,70.3,80.0,64.7
2019,74.3,67.1,63.5,63.4,67.1,63.0,64.5,63.6,65.2,63.0,65.8,67.7,79.2,64.5
2020,71.3,65.5,63.6,60.5,66.8,63.5,64.0,62.4,64.4,63.8,63.0,65.3,75.2,64.5
2021,72.6,65.9,63.3,61.4,66.9,62.7,62.5,61.2,63.8,64.1,62.1,66.0,72.1,64.1
2022,74.1,67.7,64.8,63.1,67.4,64.1,63.6,61.4,64.1,64.5,61.1,63.0,70.2,64.9
2023 f,74.5,69.6,66.2,63.6,67.3,63.5,62.5,61.9,64.4,65.4,62.1,60.7,70.8,64.9
2024 f,75.0,70.3,66.6,62.8,66.8,63.2,62.8,60.6,64.2,66.8,60.6,60.6,70.6,64.9
Annual percentage change by year ,,,,,,,,,,,,,,
Year,N.L.   ,P.E.I.    ,N.S.   ,N.B.    ,Que.  ,Ont.,Man.,Sask.,Alta.    ,B.C.     ,Y.T.  ,N.W.T,Nun.,Canada (Average)
1975,—,—,—,—,—,—,—,—,—,—,—,—,—,—
1976,-7.0,3.0,-1.9,2.6,2.4,0.8,3.5,2.2,0.0,-0.9,25.9,11.7,—,1.0
1977,-8.1,1.3,4.2,0.5,1.5,-0.8,-1.3,-0.1,-1.3,-2.0,10.6,-2.3,—,-0.3
1978,-2.7,-3.1,1.2,-2.4,0.8,-2.1,-0.5,2.4,0.8,2.4,-1.1,4.7,—,-0.2
1979,0.3,-8.7,-0.1,-3.1,1.2,-2.6,-1.3,0.9,1.4,1.9,-3.3,-4.6,—,-0.4
1980,1.5,-8.3,0.1,-1.9,-1.4,-0.3,-2.9,2.5,-0.7,-1.3,0.9,1.3,—,-0.9
1981,-0.7,3.9,0.5,-0.1,-2.3,0.8,1.0,0.9,1.7,3.2,2.4,0.3,—,0.2
1982,4.0,4.8,-0.6,0.8,1.1,-0.2,1.2,1.6,1.5,1.5,13.0,-3.8,—,0.8
1983,1.2,3.0,0.6,-0.9,0.5,-0.5,0.5,1.0,5.6,0.4,-0.6,1.2,—,0.7
1984,6.7,2.3,-1.9,-1.8,-1.0,-0.3,0.2,-2.8,-1.2,-1.6,3.5,5.3,—,-0.8
1985,0.5,-0.4,-1.0,0.6,-1.8,0.1,-1.1,-3.4,-1.3,-0.6,0.9,5.3,—,-0.9
1986,5.3,3.5,-5.4,0.5,-3.1,1.2,-1.9,-0.3,-0.1,0.1,3.4,5.3,—,-0.6
1987,-0.5,0.0,-5.0,0.9,0.1,0.0,2.6,-0.4,-1.4,-0.8,1.4,6.5,—,-0.3
1988,0.4,-0.2,6.8,-0.6,0.0,0.3,2.7,2.7,-3.4,-0.6,11.2,19.8,—,0.2
1989,0.8,-2.7,-0.5,0.5,-1.1,0.1,-0.7,-0.5,-0.1,0.5,0.3,7.6,—,-0.2
1990,0.7,-0.5,0.6,-1.6,-1.0,-0.8,-0.2,-0.6,-0.8,-0.1,-1.5,1.6,—,-0.7
1991,-2.1,-0.3,0.0,-1.9,0.3,0.7,-1.0,-1.6,-0.6,0.4,1.1,0.5,—,0.1
1992,-1.5,-1.5,-1.4,-0.6,-1.2,-0.5,-0.1,-2.0,0.2,0.7,-0.2,-0.2,—,-0.5
1993,-1.0,-1.0,-2.2,-1.2,-1.5,-2.8,-2.7,-4.6,-2.6,0.0,-0.2,-0.4,—,-2.0
1994,-0.8,-2.9,-3.2,-0.1,-1.0,-1.6,-1.7,-2.2,-4.9,-0.2,4.8,-1.8,—,-1.6
1995,0.9,-2.9,-0.1,2.4,0.1,-2.9,-1.6,-0.1,-1.3,0.4,-5.6,0.1,—,-1.1
1996,1.3,1.3,-0.2,0.2,-0.8,-0.6,-0.9,0.7,0.8,-0.1,-14.5,-3.3,—,-0.4
1997,0.4,0.0,4.1,-4.0,-2.0,-1.7,-1.5,0.1,-1.3,-0.9,9.8,1.8,—,-1.4
1998,-1.2,0.7,-1.2,0.9,1.5,-1.9,0.4,1.4,0.5,-1.0,5.8,1.8,—,-0.4
1999,2.6,0.4,0.7,0.0,-2.3,0.3,1.1,0.4,0.7,0.5,0.8,-0.2,—,-0.1
2000,-1.7,1.2,-3.5,0.2,-0.2,0.6,0.0,-1.1,-0.6,0.0,-5.2,-2.4,0.0,-0.1
2001,0.1,-0.4,-0.8,-2.2,-1.5,-1.4,-1.5,-0.9,-0.9,0.9,-0.3,-2.5,-2.1,-1.0
2002,-0.1,6.4,-0.4,-0.7,-0.4,-0.7,0.9,0.7,2.4,-0.3,-3.3,1.1,0.0,-0.1
2003,-1.7,-3.4,1.3,0.2,-1.1,2.1,1.6,-1.0,0.0,-0.7,1.2,0.9,1.7,0.4
2004,-1.0,-1.1,0.5,1.9,1.0,0.1,0.4,1.3,0.4,-2.1,1.7,2.3,-1.7,0.1
2005,-1.3,1.5,0.8,-1.3,-0.8,0.6,0.1,1.9,1.4,1.1,-2.0,-8.2,-7.1,0.3
2006,1.3,-3.5,-0.2,1.2,0.2,0.0,-0.8,-0.9,-1.7,-3.1,-1.3,-3.9,3.2,-0.6
2007,-0.3,2.5,1.0,1.3,0.9,1.1,0.3,0.9,1.7,1.3,-3.8,1.0,-0.7,1.1
2008,1.3,2.7,0.3,-0.6,-0.6,0.7,0.1,1.5,1.5,-1.1,4.5,3.2,-2.6,0.3
2009,0.8,-0.5,-1.8,-1.7,0.8,0.8,0.1,-0.9,0.7,0.8,1.2,-3.6,2.9,0.5
2010,0.4,1.3,-0.1,0.4,-1.5,0.6,-0.2,-0.8,1.9,-0.9,0.6,4.5,3.5,0.1
2011,0.8,0.2,2.3,1.5,0.9,0.3,1.2,1.3,-0.3,0.6,0.3,1.8,0.6,0.6
2012,0.7,1.6,0.6,-0.3,-1.0,0.7,0.5,0.3,0.0,0.5,-1.4,-1.0,-0.3,0.2
2013,0.7,0.2,1.1,0.7,0.4,0.2,1.8,0.9,0.3,2.0,0.9,3.6,1.7,0.6
2014,-0.4,-0.3,-4.6,-1.9,2.4,0.4,-1.7,-2.1,-2.4,-1.9,0.5,2.2,0.8,-0.2
2015,0.7,0.2,1.2,-0.5,2.6,-0.4,-0.2,-1.2,-1.6,0.0,1.9,-0.4,-0.2,0.2
2016,-0.8,-0.1,-0.3,0.0,-2.8,-2.0,-1.8,-0.7,-0.1,-0.1,4.7,1.3,0.1,-1.5
2017,-0.6,-3.5,0.1,-1.9,-0.3,-0.9,-0.1,-1.0,0.1,-1.0,2.0,-1.2,0.8,-0.6
2018,-0.2,-0.5,0.1,0.8,0.7,1.3,-0.2,-2.7,-0.8,-3.0,-5.4,-3.8,-1.2,0.0
2019,0.2,1.1,-0.2,-0.9,1.0,-0.6,-0.9,-0.8,-0.7,-0.8,-4.9,-3.7,-1.0,-0.3
2020,-4.0,-2.4,0.1,-4.5,-0.4,0.7,-0.8,-1.8,-1.2,1.3,-4.2,-3.7,-5.1,-0.1
2021,1.8,0.6,-0.4,1.3,0.1,-1.3,-2.3,-2.0,-0.9,0.4,-1.4,1.1,-4.1,-0.6
2022,2.0,2.8,2.4,2.9,0.8,2.2,1.7,0.4,0.4,0.6,-1.6,-4.5,-2.7,1.3
2023 f,0.6,2.8,2.1,0.7,-0.2,-0.8,-1.7,0.8,0.6,1.5,1.5,-3.6,0.8,0.0
2024 f,0.6,1.0,0.6,-1.3,-0.7,-0.6,0.6,-2.0,-0.3,2.1,-2.3,-0.2,-0.2,-0.1
Note,,,,,,,,,,,,,,
f: Forecast,,,,,,,,,,,,,,
Source,,,,,,,,,,,,,,
"National Health Expenditure Database, 2024, Canadian Institute for Health Information.",,,,,,,,,,,,,,
"Table B.4.4  Total provincial/territorial government–sector health expenditure as a proportion of total provincial/territorial government programs* by province/territory and Canada, 1975 to 2024",,,,,,,,,,,,,,
Percentage by year,,,,,,,,,,,,,,
Year,N.L.   ,P.E.I.    ,N.S.   ,N.B.    ,Que.  ,Ont.,Man.,Sask.,Alta.    ,B.C.     ,Y.T.  ,N.W.T,Nun.,Canada (Average)
1975,23.7,22.7,27.4,22.2,29.5,30.8,30.0,25.3,25.0,26.4,9.8,10.1,—,28.4
1976,23.3,23.1,27.3,23.7,29.3,31.5,31.2,25.5,23.5,28.3,13.0,9.8,—,28.7
1977,24.4,21.5,25.9,24.4,28.6,31.3,29.4,25.2,22.4,28.2,12.9,10.4,—,28.2
1978,21.6,22.2,25.0,24.7,28.7,31.2,31.4,25.4,22.6,29.1,12.0,10.9,—,28.2
1979,22.9,22.8,26.1,25.6,28.5,31.0,31.9,25.6,20.5,29.4,10.4,9.9,—,27.9
1980,24.8,23.7,26.6,26.5,27.7,32.3,31.9,26.3,22.4,30.5,11.0,9.6,—,28.5
1981,27.6,25.8,25.8,27.9,27.7,33.4,31.8,27.2,23.0,31.6,10.9,9.9,—,29.1
1982,28.6,27.0,28.2,28.3,29.0,34.2,31.7,28.7,22.0,30.0,14.3,11.7,—,29.4
1983,28.1,28.6,29.5,28.3,29.0,35.2,30.9,30.2,23.3,29.6,13.2,11.5,—,29.9
1984,28.5,29.0,29.9,28.8,29.3,36.2,31.6,29.5,24.1,30.3,12.4,10.8,—,30.6
1985,28.4,28.0,30.9,28.7,29.4,34.9,31.4,28.1,23.9,30.9,11.7,11.2,—,30.3
1986,28.7,28.2,31.9,28.9,28.8,36.7,30.9,31.2,24.5,32.2,10.7,12.7,—,31.1
1987,28.8,27.9,32.6,29.0,29.5,37.6,32.6,33.3,25.5,33.2,9.7,12.8,—,32.1
1988,28.5,27.2,31.6,29.5,29.3,37.4,32.5,32.7,27.6,34.2,11.1,15.9,—,32.4
1989,28.5,26.4,29.7,29.9,30.0,38.1,32.5,31.6,29.6,34.0,11.6,17.0,—,33.0
1990,29.5,26.3,32.2,29.9,30.0,36.7,34.6,33.4,30.1,34.5,11.5,16.4,—,33.0
1991,29.0,27.2,34.0,29.6,30.6,36.0,33.3,28.3,30.4,33.2,12.0,17.0,—,32.6
1992,28.2,27.4,31.6,30.0,29.8,36.0,34.1,31.9,30.6,33.6,11.7,16.7,—,32.6
1993,29.0,24.1,32.2,30.2,29.9,36.2,33.9,30.5,31.7,33.7,13.4,16.1,—,32.8
1994,29.3,26.6,31.8,30.6,29.7,36.7,34.9,31.9,30.3,33.1,15.8,15.3,—,32.7
1995,29.9,28.6,31.3,31.3,29.8,35.5,35.6,33.6,29.9,33.3,14.2,15.4,—,32.5
1996,29.8,29.4,32.5,31.4,29.7,36.9,35.3,35.5,31.6,32.9,14.2,14.5,—,33.1
1997,31.6,29.3,37.7,30.6,30.6,37.7,34.8,36.9,33.4,33.6,15.2,15.5,—,34.1
1998,33.2,29.9,37.8,30.5,31.5,37.1,35.8,36.1,34.5,27.1,16.2,16.6,—,33.1
1999,35.0,29.5,37.7,30.1,30.3,38.6,37.4,35.0,35.4,32.4,16.1,16.7,19.7,34.4
2000,35.5,28.8,37.8,32.9,30.9,40.6,39.5,35.9,33.6,37.0,16.4,17.4,17.6,35.9
2001,35.8,31.8,39.2,35.4,31.1,42.5,40.6,35.1,32.7,38.8,17.8,17.7,17.8,36.7
2002,36.8,35.0,40.7,36.4,31.0,43.0,41.7,33.1,36.8,41.2,17.7,18.4,19.1,37.7
2003,37.1,33.8,41.9,36.8,31.3,43.7,42.3,35.4,38.5,42.6,16.6,17.4,24.6,38.6
2004,38.2,33.2,41.1,37.5,32.1,44.1,43.0,37.0,38.3,43.1,16.3,18.6,24.4,39.1
2005,27.8,34.2,41.3,38.7,31.9,43.9,43.5,38.5,38.2,43.4,16.2,18.1,21.4,38.9
2006,32.0,33.2,42.5,40.0,31.2,44.0,43.3,38.7,38.4,42.4,17.0,18.3,23.0,38.8
2007,34.8,33.9,42.4,38.1,32.6,44.8,42.3,39.9,38.0,42.3,17.2,18.8,22.8,39.5
2008,34.0,31.1,37.8,32.9,30.2,40.4,37.4,32.6,35.1,37.0,17.1,19.3,20.6,35.7
2009,33.4,31.5,37.8,34.0,31.4,39.7,38.1,32.0,35.5,38.0,18.5,19.0,21.8,36.0
2010,34.6,34.7,40.4,34.1,32.0,38.2,38.6,31.0,38.2,39.1,17.9,20.6,22.0,36.2
2011,34.9,36.7,41.0,35.7,32.1,37.9,36.1,30.9,37.9,37.4,19.6,21.5,22.2,35.9
2012,38.3,37.7,40.0,35.7,31.7,40.3,38.9,32.5,37.3,39.7,19.6,21.9,23.4,37.0
2013,38.1,36.3,39.6,34.3,31.6,40.5,39.3,34.0,37.3,40.2,19.3,23.2,22.4,37.1
2014,38.3,36.5,38.5,32.6,31.6,40.6,38.4,34.3,38.3,40.6,19.5,22.2,23.1,37.2
2015,38.7,36.0,38.9,33.4,34.3,40.6,38.3,33.8,37.4,40.4,19.6,23.4,24.1,37.8
2016,37.7,36.4,39.0,32.5,34.0,40.6,37.9,33.7,36.4,40.3,24.0,25.6,24.0,37.5
2017,37.9,37.0,38.3,31.9,33.8,39.3,38.0,35.2,37.1,39.9,27.0,24.0,25.1,37.1
2018,39.1,36.2,38.2,31.6,34.5,38.6,37.8,33.4,36.7,38.6,24.1,24.6,25.1,36.8
2019,41.0,35.7,38.2,31.4,34.0,38.7,37.6,33.8,35.8,38.7,22.9,23.4,26.5,36.6
2020,39.3,34.6,41.3,33.7,37.1,41.1,37.8,34.6,38.7,37.6,23.4,24.3,27.0,38.6
2021,42.7,35.1,40.1,35.3,37.1,41.5,37.3,30.1,38.1,38.6,22.9,23.8,25.2,38.6
2022,41.6,36.3,40.3,33.6,35.6,41.7,37.0,31.5,38.5,37.2,22.8,23.5,25.5,38.2
2023 f,—,—,—,—,—,—,—,—,—,—,—,—,—,—
2024 f,—,—,—,—,—,—,—,—,—,—,—,—,—,—
Annual percentage change by year ,,,,,,,,,,,,,,
Year,N.L.   ,P.E.I.    ,N.S.   ,N.B.    ,Que.  ,Ont.,Man.,Sask.,Alta.    ,B.C.     ,Y.T.  ,N.W.T,Nun.,Canada (Average)
1975,—,—,—,—,—,—,—,—,—,—,—,—,—,—
1976,-1.5,1.5,-0.3,6.5,-0.4,2.5,3.9,0.8,-6.0,7.3,32.5,-2.4,—,1.2
1977,4.7,-6.9,-5.1,3.2,-2.5,-0.7,-5.6,-1.2,-5.1,-0.5,-0.7,5.5,—,-1.8
1978,-11.4,3.4,-3.4,1.2,0.3,-0.5,6.9,0.9,1.2,3.1,-7.3,4.9,—,0.1
1979,6.1,2.8,4.3,3.4,-0.7,-0.4,1.3,0.6,-9.2,1.2,-13.1,-9.4,—,-1.3
1980,7.9,4.0,1.7,3.6,-2.8,4.0,0.1,2.7,9.2,3.6,5.6,-3.1,—,2.2
1981,11.5,8.6,-2.8,5.4,0.0,3.3,-0.3,3.6,2.6,3.6,-0.4,3.2,—,2.1
1982,3.6,4.7,9.2,1.3,4.5,2.6,-0.2,5.3,-4.4,-5.2,30.9,18.2,—,1.1
1983,-1.9,6.0,4.8,0.3,0.1,3.1,-2.6,5.4,6.0,-1.2,-7.6,-1.1,—,1.8
1984,1.6,1.4,1.2,1.6,1.2,2.8,2.2,-2.3,3.4,2.4,-6.0,-6.3,—,2.2
1985,-0.6,-3.5,3.5,-0.2,0.4,-3.7,-0.7,-4.9,-0.8,2.0,-6.2,3.4,—,-0.9
1986,1.2,0.7,3.1,0.6,-2.2,5.1,-1.4,11.1,2.3,4.1,-8.0,13.1,—,2.4
1987,0.4,-1.3,2.2,0.4,2.3,2.6,5.3,6.7,4.0,3.3,-9.9,1.2,—,3.2
1988,-1.3,-2.3,-3.0,1.7,-0.6,-0.6,-0.3,-1.5,8.2,2.8,14.6,24.5,—,1.1
1989,0.3,-3.0,-6.1,1.5,2.4,2.0,0.1,-3.6,7.3,-0.5,4.9,6.8,—,1.9
1990,3.5,-0.4,8.4,-0.1,0.0,-3.8,6.3,5.8,1.8,1.3,-1.2,-3.5,—,-0.2
1991,-1.7,3.4,5.7,-0.9,2.0,-1.9,-3.7,-15.4,1.2,-3.5,4.5,3.4,—,-1.0
1992,-2.9,0.8,-7.1,1.3,-2.6,0.1,2.5,12.7,0.5,1.1,-2.2,-1.3,—,-0.1
1993,2.9,-12.0,2.0,0.8,0.1,0.6,-0.6,-4.4,3.7,0.4,14.4,-3.6,—,0.5
1994,1.0,10.3,-1.4,1.2,-0.5,1.2,2.8,4.5,-4.6,-1.9,18.0,-4.9,—,-0.1
1995,1.8,7.6,-1.4,2.4,0.4,-3.3,2.2,5.5,-1.2,0.6,-10.0,0.2,—,-0.8
1996,-0.3,2.7,3.8,0.1,-0.3,4.1,-1.0,5.5,5.5,-1.0,-0.2,-5.6,—,1.9
1997,6.0,-0.4,16.0,-2.4,2.9,2.2,-1.3,4.0,5.8,2.1,6.8,7.1,—,2.9
1998,5.1,2.1,0.2,-0.3,2.9,-1.8,2.7,-2.1,3.4,-19.4,6.9,6.9,—,-2.8
1999,5.5,-1.2,-0.3,-1.5,-3.7,4.1,4.4,-3.1,2.7,19.6,-0.8,0.3,—,3.8
2000,1.4,-2.6,0.4,9.3,1.8,5.3,5.7,2.5,-5.2,14.2,1.9,4.6,-10.7,4.4
2001,0.8,10.6,3.6,7.7,0.9,4.7,2.7,-2.2,-2.8,4.8,8.5,1.5,1.4,2.4
2002,2.8,10.0,3.8,2.7,-0.3,1.1,2.9,-5.4,12.7,6.2,-0.3,3.9,7.3,2.7
2003,0.9,-3.2,3.0,1.1,0.8,1.5,1.3,6.9,4.4,3.2,-6.2,-5.5,28.5,2.3
2004,2.9,-1.7,-2.0,2.1,2.5,0.9,1.7,4.5,-0.4,1.2,-1.8,7.1,-0.8,1.4
2005,-27.1,2.7,0.6,3.1,-0.5,-0.4,1.2,4.1,-0.4,0.8,-0.8,-2.6,-12.4,-0.6
2006,14.9,-2.7,2.8,3.6,-2.1,0.3,-0.6,0.4,0.6,-2.4,5.0,0.8,7.8,-0.3
2007,8.7,1.9,-0.3,-4.9,4.3,1.9,-2.1,3.1,-1.0,-0.1,1.0,2.7,-1.0,1.7
2008,-2.1,-8.1,-10.7,-13.7,-7.2,-10.0,-11.6,-18.3,-7.7,-12.5,-0.5,2.9,-9.5,-9.5
2009,-2.0,1.2,-0.1,3.4,3.8,-1.7,1.9,-2.0,1.1,2.6,8.5,-1.4,5.5,0.8
2010,3.7,10.2,6.8,0.4,1.9,-3.8,1.3,-3.0,7.7,3.0,-3.4,8.2,1.0,0.6
2011,0.8,5.7,1.6,4.7,0.4,-0.7,-6.5,-0.5,-0.8,-4.4,9.6,4.5,1.1,-0.8
2012,9.6,2.7,-2.5,-0.1,-1.2,6.3,7.6,5.2,-1.5,6.1,0.1,1.9,5.3,3.1
2013,-0.3,-3.8,-1.0,-3.7,-0.2,0.5,1.1,4.8,-0.1,1.2,-1.7,5.8,-4.1,0.3
2014,0.4,0.5,-2.8,-5.0,-0.1,0.2,-2.5,0.7,2.6,1.1,1.1,-4.6,2.8,0.3
2015,1.0,-1.2,1.0,2.4,8.4,0.2,-0.1,-1.2,-2.2,-0.7,0.5,5.6,4.4,1.5
2016,-2.5,1.0,0.3,-2.6,-0.9,-0.2,-1.1,-0.3,-2.8,-0.2,22.6,9.4,-0.5,-0.8
2017,0.6,1.7,-1.8,-2.0,-0.6,-3.1,0.2,4.2,1.9,-1.0,12.3,-6.3,4.6,-1.0
2018,3.1,-2.3,-0.4,-0.9,2.2,-1.8,-0.5,-4.9,-1.1,-3.2,-10.8,2.6,0.1,-0.9
2019,4.8,-1.4,0.2,-0.8,-1.7,0.2,-0.5,1.0,-2.4,0.1,-4.7,-5.0,5.4,-0.6
2020,-4.1,-2.9,8.1,7.5,9.4,6.3,0.6,2.4,8.1,-2.7,2.1,3.8,1.9,5.5
2021,8.6,1.5,-2.9,4.8,-0.1,1.0,-1.3,-13.0,-1.7,2.6,-2.0,-1.8,-6.5,0.0
2022,-2.6,3.3,0.5,-4.8,-4.0,0.6,-1.0,4.8,1.1,-3.7,-0.6,-1.6,1.0,-1.2
2023 f,—,—,—,—,—,—,—,—,—,—,—,—,—,—
2024 f,—,—,—,—,—,—,—,—,—,—,—,—,—,—
Note,,,,,,,,,,,,,,
f: Forecast,,,,,,,,,,,,,,
* Total provincial/territorial government programs correspond to total provincial/territorial government expenditures less debt charges.,,,,,,,,,,,,,,
Source,,,,,,,,,,,,,,
"National Health Expenditure Database, 2024, Canadian Institute for Health Information.",,,,,,,,,,,,,,
"Table B.4.5  Total provincial/territorial government-sector health expenditure as a proportion of total provincial and territorial government expenditures* by province/territory and Canada, 1975 to 2024",,,,,,,,,,,,,,
Percentage by year,,,,,,,,,,,,,,
Year,N.L.   ,P.E.I.    ,N.S.   ,N.B.    ,Que.  ,Ont.,Man.,Sask.,Alta.    ,B.C.     ,Y.T.  ,N.W.T,Nun.,Canada (Average)
1975,21.1,21.3,25.0,20.9,28.0,27.8,27.9,24.1,24.0,26.0,9.5,9.9,—,26.6
1976,20.7,21.6,25.1,22.2,27.8,28.7,28.7,24.2,22.6,27.8,12.8,9.8,—,26.9
1977,21.1,20.2,23.9,22.7,27.0,28.4,27.0,23.4,21.4,27.5,12.8,10.3,—,26.3
1978,18.7,20.8,23.1,22.7,26.9,28.1,28.2,23.3,21.6,28.2,11.8,10.8,—,26.1
1979,19.7,21.2,23.9,23.3,26.7,27.8,27.9,23.3,19.7,28.5,10.3,9.8,—,25.7
1980,20.9,21.8,24.1,24.2,25.7,28.7,28.1,23.9,21.6,29.6,10.8,9.5,—,26.2
1981,23.3,23.2,23.3,25.3,25.4,29.6,27.9,24.3,22.1,30.8,10.7,9.9,—,26.6
1982,24.2,24.1,24.6,25.4,26.1,30.2,27.5,24.9,21.1,29.0,14.1,11.6,—,26.7
1983,23.8,25.4,25.2,25.1,26.3,30.9,26.3,25.6,22.5,28.2,13.1,11.5,—,27.1
1984,23.7,25.7,25.3,25.1,26.1,31.3,26.6,24.8,23.2,28.3,12.4,10.8,—,27.2
1985,23.2,24.9,25.9,24.8,25.9,30.3,26.1,23.3,22.9,28.4,11.6,11.2,—,26.8
1986,23.4,25.0,26.5,25.0,25.2,32.0,25.4,24.8,23.3,29.4,10.7,12.7,—,27.3
1987,23.5,24.8,27.1,25.2,25.7,32.9,25.5,25.4,23.8,30.2,9.6,12.8,—,28.0
1988,23.4,24.1,26.7,25.6,25.7,32.9,25.9,25.7,25.1,30.9,11.0,15.7,—,28.4
1989,23.6,23.3,25.5,26.0,26.3,33.6,26.1,25.2,26.4,30.8,11.5,16.7,—,28.9
1990,24.7,23.1,27.1,25.8,26.1,32.6,27.5,26.7,26.5,31.2,11.4,16.2,—,28.9
1991,24.0,23.8,28.3,25.4,26.7,32.2,26.6,23.2,26.8,30.2,11.9,16.7,—,28.7
1992,23.6,23.8,26.3,25.3,26.1,32.0,27.0,25.1,26.8,30.3,11.6,16.5,—,28.5
1993,24.1,21.1,26.4,25.0,25.9,31.4,26.7,23.1,27.5,30.3,13.3,16.0,—,28.2
1994,24.3,22.8,25.6,25.0,25.6,31.2,27.1,24.4,25.9,29.6,15.7,15.3,—,27.9
1995,24.7,24.4,25.3,25.5,25.4,30.0,27.6,26.0,25.5,29.6,14.1,15.3,—,27.5
1996,24.6,25.1,26.4,25.6,25.2,30.9,27.7,27.5,27.2,29.4,14.1,14.4,—,28.0
1997,26.4,25.2,30.7,25.1,25.5,31.9,27.7,29.2,29.3,30.0,15.1,15.2,—,28.9
1998,28.0,26.2,30.8,25.1,26.4,31.5,28.4,29.4,30.5,24.7,16.1,16.2,—,28.4
1999,29.8,26.0,30.6,25.1,25.6,32.8,30.1,29.4,32.2,29.2,16.0,16.4,19.1,29.6
2000,30.3,25.5,30.5,27.3,26.1,34.8,31.5,30.5,31.1,33.1,16.3,17.2,17.0,30.9
2001,30.7,28.3,31.6,29.4,26.5,36.6,32.6,30.6,30.9,35.0,17.7,17.5,17.3,32.0
2002,31.9,31.4,33.2,30.0,26.6,37.3,34.8,29.4,35.2,37.4,17.6,18.2,18.6,33.1
2003,32.5,30.5,34.7,30.8,26.9,38.3,36.5,31.5,37.3,39.0,16.6,17.2,23.8,34.2
2004,33.6,30.0,34.4,31.8,27.6,39.0,37.6,33.2,37.3,39.6,16.3,18.4,23.7,34.9
2005,25.4,30.8,35.2,33.2,27.4,39.2,38.0,34.8,37.3,40.3,16.1,17.9,20.8,34.9
2006,29.1,30.1,36.8,34.7,27.0,39.6,37.9,35.3,37.6,39.4,16.9,18.1,22.4,35.0
2007,31.5,30.8,37.2,33.5,28.1,40.6,37.5,36.6,37.4,39.6,17.1,18.6,22.2,35.7
2008,30.3,28.6,34.0,29.8,26.6,37.0,33.6,30.5,35.0,35.2,17.0,19.3,20.5,32.9
2009,29.6,29.0,34.2,30.9,27.9,36.6,34.6,30.2,35.4,36.1,18.5,19.0,21.6,33.3
2010,31.0,32.1,36.7,31.0,28.1,35.2,35.2,29.5,38.2,37.1,17.8,20.6,21.9,33.5
2011,31.6,34.0,37.4,32.4,28.2,34.9,33.0,29.5,37.9,35.6,19.5,21.5,22.1,33.2
2012,34.1,34.9,36.5,32.5,27.8,37.0,35.4,31.0,37.3,37.8,19.5,21.9,23.3,34.1
2013,34.4,33.6,36.3,31.5,27.8,37.2,36.0,32.6,37.2,38.2,19.2,23.1,22.4,34.3
2014,35.0,33.8,35.4,30.0,27.8,37.3,35.1,32.9,38.0,38.6,19.4,22.1,23.0,34.4
2015,35.3,33.5,35.9,30.7,30.1,37.4,35.0,32.5,37.1,38.2,19.5,23.3,24.0,34.9
2016,34.9,34.0,36.1,30.1,29.9,37.3,34.5,32.4,36.0,38.4,23.9,25.5,23.9,34.7
2017,35.6,34.6,35.6,29.6,29.8,36.3,34.4,33.6,36.4,38.0,26.8,23.8,25.0,34.4
2018,36.4,34.0,35.4,29.5,30.4,35.6,34.1,31.8,35.7,36.9,23.9,24.4,24.9,34.0
2019,37.9,33.6,35.7,29.3,30.1,35.7,33.9,32.0,34.8,37.0,22.8,23.1,26.3,33.9
2020,36.4,32.9,38.9,31.5,33.3,38.3,34.4,32.8,37.4,36.3,23.3,24.0,26.8,36.0
2021,40.0,33.4,38.2,33.1,33.5,38.8,34.2,28.8,36.7,37.3,22.9,23.5,25.1,36.1
2022,38.9,34.4,38.6,31.9,31.9,38.8,33.8,30.0,37.2,36.0,22.7,23.1,25.3,35.6
2023 f,—,—,—,—,—,—,—,—,—,—,—,—,—,—
2024 f,—,—,—,—,—,—,—,—,—,—,—,—,—,—
Annual percentage change by year ,,,,,,,,,,,,,,
Year,N.L.   ,P.E.I.    ,N.S.   ,N.B.    ,Que.  ,Ont.,Man.,Sask.,Alta.    ,B.C.     ,Y.T.  ,N.W.T,Nun.,Canada (Average)
1975,—,—,—,—,—,—,—,—,—,—,—,—,—,—
1976,-2.0,1.6,0.1,6.4,-0.7,3.2,2.7,0.5,-5.8,6.7,34.2,-1.5,—,1.3
1977,2.1,-6.5,-4.6,2.2,-2.9,-0.9,-5.8,-3.2,-5.1,-0.8,-0.4,5.4,—,-2.2
1978,-11.7,3.0,-3.6,0.0,-0.6,-1.3,4.2,-0.4,1.1,2.4,-7.3,5.0,—,-0.7
1979,5.3,1.8,3.7,2.9,-0.8,-1.1,-0.9,-0.4,-8.9,0.9,-13.1,-9.3,—,-1.6
1980,6.3,2.7,0.7,3.7,-3.6,3.3,0.7,2.7,9.5,3.9,5.3,-3.1,—,1.8
1981,11.7,6.6,-3.4,4.6,-1.3,3.4,-0.6,1.9,2.5,4.1,-0.9,3.7,—,1.7
1982,3.9,3.9,5.6,0.4,3.0,2.0,-1.6,2.5,-4.7,-5.9,30.9,18.1,—,0.2
1983,-1.9,5.5,2.6,-1.1,0.9,2.2,-4.5,2.7,6.8,-2.5,-6.7,-1.3,—,1.4
1984,-0.4,0.9,0.3,-0.1,-1.1,1.5,1.4,-3.4,3.0,0.3,-5.6,-6.1,—,0.6
1985,-1.9,-3.1,2.3,-1.2,-0.7,-3.3,-1.9,-6.0,-1.3,0.2,-6.1,3.6,—,-1.6
1986,0.9,0.6,2.4,0.8,-2.7,5.4,-3.0,6.5,1.8,3.5,-7.9,13.1,—,2.0
1987,0.4,-0.9,2.3,0.9,1.9,3.0,0.5,2.6,1.9,2.7,-9.9,1.2,—,2.5
1988,-0.4,-3.0,-1.4,1.6,0.2,-0.1,1.6,1.3,5.8,2.5,14.0,22.7,—,1.3
1989,0.8,-3.2,-4.4,1.7,2.3,2.3,0.7,-2.3,5.1,-0.4,4.7,6.4,—,1.9
1990,4.4,-0.6,6.2,-1.0,-0.7,-3.0,5.3,6.2,0.3,1.4,-1.1,-3.3,—,-0.3
1991,-2.5,2.9,4.2,-1.4,2.1,-1.4,-3.3,-13.3,1.1,-3.2,4.4,3.5,—,-0.7
1992,-1.8,-0.1,-6.8,-0.2,-2.2,-0.6,1.7,8.4,0.2,0.5,-2.3,-1.3,—,-0.5
1993,2.3,-11.3,0.2,-1.2,-0.7,-1.9,-1.1,-7.9,2.6,-0.3,14.5,-3.2,—,-1.0
1994,0.6,8.0,-2.8,-0.3,-1.2,-0.7,1.5,5.4,-6.0,-2.2,18.0,-4.6,—,-1.1
1995,1.5,7.0,-1.2,2.3,-0.8,-3.8,1.7,6.8,-1.3,0.1,-9.9,0.3,—,-1.3
1996,-0.2,2.9,4.1,0.3,-0.8,3.1,0.2,5.8,6.6,-0.6,0.0,-5.6,—,1.7
1997,7.2,0.6,16.6,-2.1,1.2,3.0,0.1,6.2,7.7,2.0,6.8,5.2,—,3.1
1998,6.0,3.7,0.2,0.1,3.6,-1.1,2.5,0.6,4.0,-17.7,7.0,6.4,—,-1.8
1999,6.6,-0.5,-0.7,0.0,-3.0,4.2,6.2,-0.1,5.6,18.1,-0.7,1.2,—,4.2
2000,1.5,-2.3,-0.2,8.9,2.0,5.9,4.6,3.8,-3.5,13.2,1.9,5.0,-11.0,4.7
2001,1.6,11.2,3.4,7.6,1.4,5.4,3.4,0.5,-0.7,5.8,8.4,1.6,1.6,3.3
2002,3.8,10.8,5.2,2.2,0.5,1.8,6.8,-3.9,14.2,7.0,-0.4,4.0,7.7,3.6
2003,1.9,-2.7,4.6,2.4,1.1,2.6,4.9,7.0,5.7,4.1,-6.2,-5.4,28.0,3.2
2004,3.3,-1.7,-1.0,3.5,2.5,1.9,2.9,5.3,0.1,1.7,-1.8,6.9,-0.7,2.0
2005,-24.3,2.8,2.4,4.1,-0.6,0.6,1.2,5.0,0.1,1.6,-0.8,-2.6,-12.3,0.1
2006,14.3,-2.6,4.5,4.7,-1.6,1.0,-0.4,1.2,0.9,-2.1,5.0,1.1,8.1,0.3
2007,8.4,2.4,1.1,-3.6,4.2,2.5,-1.1,3.7,-0.7,0.4,1.0,2.8,-1.0,2.2
2008,-3.9,-6.9,-8.6,-10.9,-5.4,-8.8,-10.4,-16.5,-6.5,-11.2,-0.4,3.6,-7.9,-8.1
2009,-2.3,1.2,0.6,3.4,4.9,-1.2,3.1,-1.2,1.2,2.7,8.5,-1.4,5.5,1.4
2010,4.9,10.8,7.2,0.3,0.9,-3.8,1.5,-2.1,7.9,2.9,-3.7,8.3,1.2,0.5
2011,2.0,5.8,2.0,4.6,0.1,-0.8,-6.1,-0.2,-0.8,-4.2,9.5,4.3,1.2,-0.9
2012,7.7,2.8,-2.5,0.3,-1.2,5.9,7.2,5.3,-1.5,6.1,0.1,1.9,5.4,3.0
2013,0.9,-3.7,-0.4,-3.0,-0.1,0.6,1.6,5.1,-0.2,1.1,-1.6,5.5,-4.0,0.4
2014,1.7,0.3,-2.5,-4.8,-0.1,0.4,-2.4,0.8,2.1,1.2,1.0,-4.5,2.9,0.3
2015,1.0,-0.8,1.3,2.5,8.3,0.3,-0.3,-1.2,-2.4,-1.0,0.6,5.5,4.4,1.6
2016,-1.2,1.4,0.6,-2.1,-0.6,-0.2,-1.6,-0.3,-3.1,0.4,22.5,9.4,-0.4,-0.6
2017,2.0,2.0,-1.5,-1.5,-0.5,-2.8,-0.2,3.6,1.2,-0.9,12.3,-6.5,4.5,-1.0
2018,2.3,-1.9,-0.4,-0.5,2.1,-1.8,-0.9,-5.2,-1.8,-3.0,-10.8,2.5,-0.3,-1.0
2019,4.0,-1.0,0.8,-0.6,-1.0,0.2,-0.7,0.5,-2.6,0.3,-4.7,-5.3,5.5,-0.4
2020,-3.9,-2.3,9.0,7.5,10.7,7.2,1.6,2.7,7.4,-2.1,2.2,4.1,2.0,6.1
2021,9.8,1.8,-1.8,5.2,0.5,1.3,-0.7,-12.2,-1.9,2.8,-2.0,-2.0,-6.4,0.4
2022,-2.8,2.9,1.0,-3.8,-4.8,0.0,-1.2,4.2,1.3,-3.4,-0.7,-1.8,1.0,-1.5
2023 f,—,—,—,—,—,—,—,—,—,—,—,—,—,—
2024 f,—,—,—,—,—,—,—,—,—,—,—,—,—,—
Note,,,,,,,,,,,,,,
f: Forecast,,,,,,,,,,,,,,
* Total Provincial/Territorial Government Expenditure correspond to Total Provincial/Territorial Government Programs plus debt charges.,,,,,,,,,,,,,,
Source,,,,,,,,,,,,,,
"National Health Expenditure Database, 2024, Canadian Institute for Health Information.",,,,,,,,,,,,,,
"Table B.4.6  Provincial/territorial government-sector per capita health expenditure standardized by age and sex and the percentage difference between standardized and actual expenditure by province/territory and Canada, in current dollars, 1998 to 2022",,,,,,,,,,,,,,
Expenditure by year,,,,,,,,,,,,,,
Year,N.L.   ,P.E.I.    ,N.S.   ,N.B.    ,Que.  ,Ont.,Man.,Sask.,Alta.    ,B.C.     ,Y.T.  ,N.W.T,Nun.,Canada (Average)
1998,"2,027","1,616","1,702","1,643","1,809","1,771","1,751","1,703","1,838","1,912","3,242","5,221",—,"1,803"
1999,"2,303","1,684","1,789","1,771","1,848","1,882","2,000","1,841","2,074","2,047","3,509","5,887","6,315","1,922"
2000,"2,394","1,804","1,822","1,894","1,964","2,061","2,192","1,937","2,247","2,214","3,794","5,432","7,263","2,075"
2001,"2,597","2,140","1,919","2,054","2,083","2,143","2,323","2,123","2,495","2,417","4,218","6,051","7,525","2,209"
2002,"2,770","2,416","2,095","2,157","2,177","2,277","2,466","2,254","2,679","2,550","4,466","6,630","8,696","2,342"
2003,"2,911","2,483","2,300","2,297","2,266","2,509","2,681","2,395","2,822","2,630","4,503","6,849","11,071","2,504"
2004,"2,982","2,424","2,381","2,502","2,387","2,668","2,820","2,587","3,052","2,666","4,772","7,404","11,539","2,642"
2005,"3,088","2,578","2,594","2,733","2,492","2,821","3,043","2,838","3,334","2,814","5,141","7,667","11,141","2,803"
2006,"3,283","2,672","2,870","3,007","2,645","2,963","3,204","3,042","3,585","2,906","5,637","7,987","13,286","2,965"
2007,"3,628","2,897","3,123","3,193","2,843","3,204","3,420","3,309","3,946","3,097","5,921","8,645","13,716","3,203"
2008,"3,866","3,105","3,260","3,338","2,940","3,339","3,632","3,514","4,196","3,260","6,285","9,172","13,960","3,353"
2009,"4,221","3,490","3,403","3,516","3,116","3,516","3,908","3,710","4,404","3,358","6,860","9,884","15,252","3,528"
2010,"4,625","3,806","3,756","3,670","3,216","3,644","4,093","3,943","4,896","3,482","7,192","11,412","15,138","3,702"
2011,"4,873","4,129","4,003","3,856","3,312","3,726","4,256","4,196","5,001","3,572","7,703","12,636","16,154","3,809"
2012,"5,278","4,184","4,096","3,909","3,371","3,856","4,465","4,373","5,139","3,752","8,165","13,291","17,278","3,938"
2013,"5,350","4,204","4,133","3,875","3,488","3,903","4,620","4,581","5,223","3,779","8,517","14,176","17,800","4,014"
2014,"5,352","4,186","4,200","3,853","3,542","3,974","4,631","4,683","5,306","3,850","8,609","15,085","18,918","4,080"
2015,"5,534","4,288","4,275","3,962","3,861","4,053","4,823","4,831","5,428","3,945","9,046","16,040","20,144","4,233"
2016,"5,595","4,399","4,280","4,009","3,876","4,093","4,869","4,978","5,549","4,047","10,129","16,981","21,807","4,292"
2017,"5,617","4,537","4,371","4,078","4,027","4,167","4,925","5,038","5,684","4,136","10,895","16,015","23,294","4,393"
2018,"5,736","4,701","4,465","4,147","4,221","4,265","4,953","4,983","5,762","4,244","10,453","16,430","24,285","4,507"
2019,"6,041","4,869","4,627","4,199","4,393","4,360","5,031","5,164","5,759","4,433","10,309","16,636","26,043","4,631"
2020,"6,021","4,995","5,015","4,341","5,320","4,898","5,432","5,468","5,990","4,926","10,476","16,739","27,389","5,183"
2021,"6,558","5,329","5,371","4,664","5,765","5,240","5,665","5,763","6,200","5,392","10,671","17,232","26,084","5,547"
2022,"6,903","5,638","5,766","4,944","5,655","5,297","5,850","5,893","6,312","5,542","11,044","17,779","24,892","5,615"
Difference* by year,,,,,,,,,,,,,,
Year,N.L.   ,P.E.I.    ,N.S.   ,N.B.    ,Que.  ,Ont.,Man.,Sask.,Alta.    ,B.C.     ,Y.T.  ,N.W.T,Nun.,Canada (Average)
1998,4.2,-4.1,-4.3,-2.9,0.5,0.0,-5.3,-6.6,8.8,-1.8,36.2,51.0,—,0.0
1999,3.2,-4.7,-4.5,-2.9,0.2,0.3,-4.6,-6.6,8.6,-2.1,37.7,43.4,46.7,0.0
2000,1.4,-4.7,-4.8,-3.2,-0.3,0.6,-4.4,-7.0,8.6,-2.4,37.7,44.5,46.5,0.0
2001,1.7,-4.2,-5.1,-3.5,-0.7,0.9,-4.3,-6.9,8.5,-2.6,31.3,44.7,45.0,0.0
2002,1.1,-4.0,-5.0,-3.8,-0.9,1.0,-3.8,-6.7,8.4,-2.9,32.7,44.6,47.2,0.0
2003,0.7,-3.9,-5.0,-4.0,-1.1,1.1,-3.1,-6.4,8.4,-3.0,34.2,52.5,37.6,0.0
2004,0.3,-4.0,-5.3,-4.0,-1.2,1.2,-3.7,-6.2,8.5,-3.1,32.5,51.9,41.1,0.0
2005,-0.2,-4.1,-5.6,-4.1,-1.3,1.2,-3.0,-6.2,8.6,-3.0,33.7,53.2,50.7,0.0
2006,-0.9,-4.5,-5.7,-4.4,-1.7,1.2,-2.9,-6.1,9.0,-2.9,30.7,52.0,60.6,0.0
2007,-1.2,-4.8,-5.7,-4.9,-2.0,1.1,-2.3,-5.3,9.1,-2.6,31.5,47.4,56.3,0.0
2008,-1.1,-4.8,-5.7,-5.2,-2.4,1.0,-1.9,-4.7,9.8,-2.4,29.4,44.7,62.4,0.0
2009,-1.0,-4.1,-5.8,-5.4,-2.7,0.8,-1.3,-3.7,11.1,-2.3,24.3,47.2,66.8,0.0
2010,-1.1,-3.8,-5.5,-5.5,-2.9,0.7,-0.6,-3.0,11.6,-2.3,25.2,55.0,60.4,0.0
2011,-1.6,-3.7,-5.2,-5.4,-3.1,0.7,0.2,-1.7,12.0,-2.5,28.0,56.2,61.7,0.0
2012,-1.4,-4.0,-5.5,-5.8,-3.2,0.5,0.6,-0.7,12.3,-2.4,31.4,58.4,63.8,0.0
2013,-1.6,-4.4,-5.9,-6.2,-3.3,0.4,1.0,-0.1,12.6,-2.5,31.9,50.6,60.7,0.0
2014,-2.0,-5.0,-6.2,-6.7,-3.6,0.3,1.6,0.6,13.2,-2.3,31.7,49.3,61.9,0.0
2015,-1.9,-4.5,-6.3,-6.5,-3.7,0.2,2.4,1.1,13.3,-2.5,29.8,50.4,64.9,0.0
2016,-2.3,-4.3,-6.0,-6.4,-3.9,0.2,3.1,1.7,12.5,-2.1,19.4,44.1,73.5,0.0
2017,-3.0,-4.0,-5.8,-6.5,-3.9,0.2,3.7,2.0,12.0,-2.0,16.4,41.8,70.6,0.0
2018,-3.8,-3.7,-6.1,-6.8,-3.9,0.3,4.0,2.1,11.4,-1.9,20.0,37.2,67.9,0.0
2019,-4.4,-3.5,-6.1,-7.1,-4.0,0.4,4.3,2.3,10.9,-1.8,20.5,36.1,66.6,0.0
2020,-4.8,-3.1,-5.7,-7.0,-3.3,0.4,4.1,2.2,10.0,-1.7,15.8,30.0,69.1,0.0
2021,-5.2,-2.8,-5.4,-6.8,-3.3,0.4,4.6,2.6,9.8,-1.6,13.3,26.2,69.9,0.0
2022,-5.9,-2.4,-5.6,-6.9,-4.1,0.6,4.9,3.0,10.1,-1.4,14.2,25.6,59.0,0.0
Note,,,,,,,,,,,,,,
* Difference between actual and standardized amounts.,,,,,,,,,,,,,,
Source,,,,,,,,,,,,,,
"National Health Expenditure Database, 2024, Canadian Institute for Health Information.",,,,,,,,,,,,,,
"Table B.4.7  Provincial/territorial government-sector health expenditure by province/territory and Canada, in millions of 2010 constant dollars, 1975 to 2024",,,,,,,,,,,,,,
Expenditure by year,,,,,,,,,,,,,,
Year,N.L.   ,P.E.I.    ,N.S.   ,N.B.    ,Que.  ,Ont.,Man.,Sask.,Alta.    ,B.C.     ,Y.T.  ,N.W.T,Nun.,Canada
1975,835.7,197.9,"1,362.4","1,019.0","10,977.2","15,406.4","1,852.1","1,555.2","3,428.8","4,379.0",27.8,75.7,—,"41,117.4"
1976,818.0,192.8,"1,375.4","1,079.6","11,475.7","15,761.4","1,966.7","1,668.5","3,564.7","4,547.3",35.4,83.7,—,"42,569.3"
1977,805.9,197.3,"1,405.2","1,118.3","11,663.7","15,842.4","2,011.4","1,739.6","3,568.3","4,630.8",37.1,95.5,—,"43,115.5"
1978,833.2,206.7,"1,452.2","1,150.4","12,210.0","15,937.7","1,984.4","1,764.7","3,871.3","4,947.2",39.5,107.0,—,"44,504.5"
1979,880.1,210.4,"1,488.1","1,188.5","12,510.1","15,790.2","1,976.6","1,846.9","4,380.6","5,181.5",39.3,97.7,—,"45,590.0"
1980,909.6,222.9,"1,558.9","1,272.0","12,861.3","16,291.2","2,065.8","2,002.8","4,795.8","5,867.5",39.5,93.5,—,"47,980.9"
1981,933.6,230.5,"1,694.8","1,398.9","12,993.5","17,088.1","2,240.7","2,136.3","5,384.7","6,471.5",38.5,100.7,—,"50,711.7"
1982,997.2,240.7,"1,756.1","1,496.0","13,545.1","18,004.6","2,337.7","2,280.8","6,180.9","6,556.0",52.3,133.0,—,"53,580.4"
1983,"1,070.4",254.5,"1,768.9","1,501.0","14,389.2","19,042.7","2,403.3","2,374.3","6,589.4","6,739.3",50.1,137.8,—,"56,321.0"
1984,"1,067.7",258.0,"1,830.8","1,517.1","14,559.5","20,021.0","2,483.0","2,394.3","6,664.7","6,917.4",49.3,141.6,—,"57,904.4"
1985,"1,112.1",258.5,"1,940.9","1,544.1","14,702.3","20,840.7","2,567.6","2,483.5","6,932.5","7,169.6",49.2,154.0,—,"59,755.0"
1986,"1,188.4",264.7,"1,972.2","1,607.4","14,674.7","22,371.1","2,655.6","2,673.8","7,288.8","7,390.4",55.2,190.4,—,"62,332.8"
1987,"1,236.8",271.4,"2,034.0","1,695.5","14,957.6","23,553.3","2,733.1","2,675.0","7,089.6","7,545.0",57.3,213.4,—,"64,062.0"
1988,"1,264.5",282.1,"2,143.7","1,766.0","15,694.5","24,985.0","2,795.4","2,758.8","7,105.1","7,936.9",62.1,279.0,—,"67,073.2"
1989,"1,280.3",282.9,"2,174.1","1,763.2","16,014.0","26,195.8","2,868.0","2,891.6","7,487.6","8,335.1",63.1,328.2,—,"69,683.8"
1990,"1,362.7",281.3,"2,182.3","1,805.3","16,153.2","26,550.4","2,992.2","2,964.6","7,570.1","8,853.1",63.3,333.9,—,"71,112.4"
1991,"1,383.2",298.0,"2,225.8","1,827.1","17,104.9","27,985.5","2,963.5","2,904.1","7,504.5","9,299.9",72.6,359.2,—,"73,928.3"
1992,"1,389.3",300.6,"2,211.3","1,845.8","17,125.5","28,295.9","2,996.4","2,800.9","7,753.0","9,603.3",77.3,350.0,—,"74,749.2"
1993,"1,364.4",305.6,"2,130.5","1,833.5","17,024.6","27,568.4","2,967.1","2,599.1","7,425.3","9,974.7",88.4,345.6,—,"73,627.0"
1994,"1,371.1",297.8,"2,010.2","1,827.9","17,022.7","27,630.4","2,893.9","2,550.3","6,678.9","10,026.8",105.2,331.8,—,"72,747.1"
1995,"1,390.1",300.0,"2,014.8","1,868.7","16,962.0","27,305.4","2,901.8","2,539.6","6,322.6","9,968.6",97.8,332.2,—,"72,003.6"
1996,"1,387.7",314.9,"1,994.6","1,810.3","16,703.7","27,245.7","2,882.8","2,561.4","6,494.3","10,034.8",95.1,301.2,—,"71,826.4"
1997,"1,451.5",313.2,"2,297.6","1,819.6","16,770.7","27,406.6","2,970.6","2,666.9","6,949.5","10,216.1",101.7,319.1,—,"73,283.0"
1998,"1,562.7",329.8,"2,403.0","1,879.5","17,985.8","28,280.8","3,099.5","2,762.5","7,436.4","10,451.6",107.3,350.2,—,"76,649.0"
1999,"1,741.2",337.2,"2,453.5","1,978.3","18,011.1","29,841.0","3,467.4","2,898.3","8,346.2","11,135.1",111.3,236.4,166.5,"80,723.4"
2000,"1,700.1",336.9,"2,374.6","1,993.6","18,316.3","31,627.5","3,592.6","2,925.3","8,782.1","11,690.1",112.0,207.8,188.0,"83,846.8"
2001,"1,778.2",398.6,"2,439.9","2,132.7","19,264.3","32,793.6","3,727.5","3,097.4","9,583.0","12,564.9",127.0,231.3,192.7,"88,330.8"
2002,"1,840.6",427.7,"2,577.8","2,178.9","19,635.3","34,234.6","3,840.4","3,152.5","10,076.3","12,978.1",130.5,250.1,217.9,"91,540.8"
2003,"1,876.5",433.2,"2,781.0","2,265.9","19,990.1","37,029.9","4,101.8","3,237.9","10,484.2","13,254.7",130.3,244.1,294.5,"96,124.1"
2004,"1,888.5",414.6,"2,809.8","2,400.9","20,936.6","39,136.2","4,259.3","3,391.5","11,183.9","13,330.8",137.5,259.6,293.7,"100,442.8"
2005,"1,885.7",429.6,"2,971.0","2,523.7","21,397.8","40,239.0","4,379.4","3,590.4","12,022.6","13,932.7",142.8,257.5,260.1,"104,032.2"
2006,"1,930.7",437.1,"3,175.1","2,680.1","22,350.2","41,553.8","4,471.4","3,726.6","12,719.7","13,737.1",156.8,256.6,284.2,"107,479.4"
2007,"2,081.1",457.2,"3,370.0","2,718.0","23,462.3","43,962.4","4,568.3","3,831.0","14,100.5","14,639.1",158.2,275.7,303.3,"113,927.2"
2008,"2,147.0",473.3,"3,373.2","2,720.2","24,041.6","44,684.4","4,689.4","3,954.4","14,394.0","15,036.7",165.0,281.5,284.2,"116,245.0"
2009,"2,255.3",519.3,"3,439.0","2,799.8","25,450.6","45,900.2","4,883.8","4,078.8","14,834.9","15,303.3",190.8,296.3,305.0,"120,256.8"
2010,"2,441.4",560.2,"3,743.1","2,925.0","26,267.9","47,518.2","5,028.5","4,273.7","16,367.2","15,915.5",198.8,318.8,314.7,"125,873.1"
2011,"2,490.0",599.3,"3,869.2","2,947.4","26,324.1","47,302.6","5,107.7","4,277.9","16,408.2","16,284.6",204.5,338.6,325.7,"126,479.9"
2012,"2,662.6",593.2,"3,911.4","2,920.9","26,435.2","48,801.4","5,330.2","4,424.4","16,741.9","17,103.1",209.0,343.2,333.9,"129,810.5"
2013,"2,639.1",571.7,"3,799.3","2,833.9","26,388.4","48,738.1","5,334.4","4,548.0","17,096.2","16,982.1",212.5,376.4,337.9,"129,858.2"
2014,"2,590.0",565.2,"3,815.3","2,773.9","26,439.1","49,390.0","5,230.5","4,558.6","17,182.2","17,075.7",214.6,396.5,352.7,"130,584.4"
2015,"2,628.7",568.1,"3,856.3","2,821.6","28,317.4","50,352.4","5,390.5","4,577.4","17,470.4","17,601.0",226.3,406.3,371.9,"134,588.3"
2016,"2,648.7",590.6,"3,849.5","2,849.8","28,358.2","51,160.2","5,434.7","4,700.6","18,088.7","18,223.5",282.9,454.2,380.7,"137,022.3"
2017,"2,651.2",600.6,"3,893.3","2,858.2","29,024.9","51,896.7","5,432.4","4,725.0","18,692.5","18,462.6",313.6,430.9,412.8,"139,394.8"
2018,"2,716.3",624.8,"3,943.6","2,906.6","30,353.0","53,393.2","5,435.1","4,699.5","19,229.2","18,951.6",294.2,454.0,451.7,"143,452.8"
2019,"2,843.6",643.9,"4,124.2","2,929.7","31,455.4","54,178.4","5,472.9","4,778.2","19,090.6","19,482.2",270.7,445.1,471.0,"146,185.7"
2020,"2,763.2",648.3,"4,328.7","2,949.9","36,424.6","59,270.8","5,721.1","4,937.4","19,570.8","21,008.6",296.8,465.9,484.2,"158,870.4"
2021,"3,035.4",706.8,"4,524.5","3,219.5","38,834.8","62,579.8","5,804.5","5,046.1","20,361.5","22,868.8",307.0,481.7,466.6,"168,237.2"
2022,"3,115.4",734.1,"4,748.5","3,288.0","36,936.6","62,268.3","5,747.1","5,042.4","20,107.3","22,754.8",312.7,481.1,459.3,"165,995.6"
2023 f,"3,238.2",825.7,"5,003.1","3,161.5","36,405.7","62,116.8","5,570.6","5,372.5","21,044.7","23,456.4",339.6,472.8,503.2,"167,510.7"
2024 f,"3,375.3",870.0,"5,066.9","3,076.7","36,315.5","63,499.0","5,816.9","5,414.6","21,599.6","24,761.9",323.5,496.2,526.4,"171,142.5"
Annual percentage change by year ,,,,,,,,,,,,,,
Year,N.L.   ,P.E.I.    ,N.S.   ,N.B.    ,Que.  ,Ont.,Man.,Sask.,Alta.    ,B.C.     ,Y.T.  ,N.W.T,Nun.,Canada
1975,—,—,—,—,—,—,—,—,—,—,—,—,—,—
1976,-2.1,-2.6,1.0,6.0,4.5,2.3,6.2,7.3,4.0,3.8,27.3,10.6,—,3.5
1977,-1.5,2.4,2.2,3.6,1.6,0.5,2.3,4.3,0.1,1.8,4.7,14.1,—,1.3
1978,3.4,4.7,3.4,2.9,4.7,0.6,-1.3,1.4,8.5,6.8,6.7,12.1,—,3.2
1979,5.6,1.8,2.5,3.3,2.5,-0.9,-0.4,4.7,13.2,4.7,-0.5,-8.7,—,2.4
1980,3.4,5.9,4.8,7.0,2.8,3.2,4.5,8.4,9.5,13.2,0.3,-4.3,—,5.2
1981,2.6,3.4,8.7,10.0,1.0,4.9,8.5,6.7,12.3,10.3,-2.4,7.6,—,5.7
1982,6.8,4.4,3.6,6.9,4.2,5.4,4.3,6.8,14.8,1.3,35.8,32.1,—,5.7
1983,7.3,5.8,0.7,0.3,6.2,5.8,2.8,4.1,6.6,2.8,-4.2,3.7,—,5.1
1984,-0.3,1.4,3.5,1.1,1.2,5.1,3.3,0.8,1.1,2.6,-1.7,2.7,—,2.8
1985,4.2,0.2,6.0,1.8,1.0,4.1,3.4,3.7,4.0,3.6,-0.1,8.8,—,3.2
1986,6.9,2.4,1.6,4.1,-0.2,7.3,3.4,7.7,5.1,3.1,12.2,23.6,—,4.3
1987,4.1,2.5,3.1,5.5,1.9,5.3,2.9,0.0,-2.7,2.1,3.8,12.1,—,2.8
1988,2.2,4.0,5.4,4.2,4.9,6.1,2.3,3.1,0.2,5.2,8.3,30.7,—,4.7
1989,1.2,0.3,1.4,-0.2,2.0,4.8,2.6,4.8,5.4,5.0,1.6,17.6,—,3.9
1990,6.4,-0.6,0.4,2.4,0.9,1.4,4.3,2.5,1.1,6.2,0.3,1.8,—,2.1
1991,1.5,5.9,2.0,1.2,5.9,5.4,-1.0,-2.0,-0.9,5.0,14.8,7.6,—,4.0
1992,0.4,0.9,-0.6,1.0,0.1,1.1,1.1,-3.6,3.3,3.3,6.4,-2.6,—,1.1
1993,-1.8,1.7,-3.7,-0.7,-0.6,-2.6,-1.0,-7.2,-4.2,3.9,14.3,-1.2,—,-1.5
1994,0.5,-2.5,-5.6,-0.3,0.0,0.2,-2.5,-1.9,-10.1,0.5,19.1,-4.0,—,-1.2
1995,1.4,0.7,0.2,2.2,-0.4,-1.2,0.3,-0.4,-5.3,-0.6,-7.0,0.1,—,-1.0
1996,-0.2,5.0,-1.0,-3.1,-1.5,-0.2,-0.7,0.9,2.7,0.7,-2.8,-9.3,—,-0.2
1997,4.6,-0.5,15.2,0.5,0.4,0.6,3.0,4.1,7.0,1.8,7.0,5.9,—,2.0
1998,7.7,5.3,4.6,3.3,7.2,3.2,4.3,3.6,7.0,2.3,5.5,9.8,—,4.6
1999,11.4,2.3,2.1,5.3,0.1,5.5,11.9,4.9,12.2,6.5,3.7,-32.5,—,5.3
2000,-2.4,-0.1,-3.2,0.8,1.7,6.0,3.6,0.9,5.2,5.0,0.7,-12.1,12.9,3.9
2001,4.6,18.3,2.8,7.0,5.2,3.7,3.8,5.9,9.1,7.5,13.3,11.3,2.5,5.3
2002,3.5,7.3,5.7,2.2,1.9,4.4,3.0,1.8,5.1,3.3,2.8,8.1,13.1,3.6
2003,2.0,1.3,7.9,4.0,1.8,8.2,6.8,2.7,4.0,2.1,-0.1,-2.4,35.2,5.0
2004,0.6,-4.3,1.0,6.0,4.7,5.7,3.8,4.7,6.7,0.6,5.5,6.4,-0.3,4.5
2005,-0.2,3.6,5.7,5.1,2.2,2.8,2.8,5.9,7.5,4.5,3.9,-0.8,-11.4,3.6
2006,2.4,1.7,6.9,6.2,4.5,3.3,2.1,3.8,5.8,-1.4,9.9,-0.4,9.2,3.3
2007,7.8,4.6,6.1,1.4,5.0,5.8,2.2,2.8,10.9,6.6,0.8,7.5,6.7,6.0
2008,3.2,3.5,0.1,0.1,2.5,1.6,2.7,3.2,2.1,2.7,4.3,2.1,-6.3,2.0
2009,5.0,9.7,2.0,2.9,5.9,2.7,4.1,3.1,3.1,1.8,15.6,5.2,7.3,3.5
2010,8.3,7.9,8.8,4.5,3.2,3.5,3.0,4.8,10.3,4.0,4.2,7.6,3.2,4.7
2011,2.0,7.0,3.4,0.8,0.2,-0.5,1.6,0.1,0.3,2.3,2.9,6.2,3.5,0.5
2012,6.9,-1.0,1.1,-0.9,0.4,3.2,4.4,3.4,2.0,5.0,2.2,1.3,2.5,2.6
2013,-0.9,-3.6,-2.9,-3.0,-0.2,-0.1,0.1,2.8,2.1,-0.7,1.7,9.7,1.2,0.0
2014,-1.9,-1.1,0.4,-2.1,0.2,1.3,-1.9,0.2,0.5,0.6,1.0,5.4,4.4,0.6
2015,1.5,0.5,1.1,1.7,7.1,1.9,3.1,0.4,1.7,3.1,5.5,2.5,5.4,3.1
2016,0.8,4.0,-0.2,1.0,0.1,1.6,0.8,2.7,3.5,3.5,25.0,11.8,2.4,1.8
2017,0.1,1.7,1.1,0.3,2.4,1.4,0.0,0.5,3.3,1.3,10.8,-5.1,8.4,1.7
2018,2.5,4.0,1.3,1.7,4.6,2.9,0.0,-0.5,2.9,2.6,-6.2,5.4,9.4,2.9
2019,4.7,3.1,4.6,0.8,3.6,1.5,0.7,1.7,-0.7,2.8,-8.0,-2.0,4.3,1.9
2020,-2.8,0.7,5.0,0.7,15.8,9.4,4.5,3.3,2.5,7.8,9.6,4.7,2.8,8.7
2021,9.9,9.0,4.5,9.1,6.6,5.6,1.5,2.2,4.0,8.9,3.4,3.4,-3.6,5.9
2022,2.6,3.9,5.0,2.1,-4.9,-0.5,-1.0,-0.1,-1.2,-0.5,1.9,-0.1,-1.6,-1.3
2023 f,3.9,12.5,5.4,-3.8,-1.4,-0.2,-3.1,6.5,4.7,3.1,8.6,-1.7,9.6,0.9
2024 f,4.2,5.4,1.3,-2.7,-0.2,2.2,4.4,0.8,2.6,5.6,-4.7,4.9,4.6,2.2
Note,,,,,,,,,,,,,,
f: Forecast,,,,,,,,,,,,,,
Source,,,,,,,,,,,,,,
"National Health Expenditure Database, 2024, Canadian Institute for Health Information.",,,,,,,,,,,,,,
"Table B.4.8  Provincial/territorial government-sector per capita health expenditure by province/territory and Canada, in 2010 constant dollars, 1975 to 2024",,,,,,,,,,,,,,
Expenditure by year,,,,,,,,,,,,,,
Year,N.L.   ,P.E.I.    ,N.S.   ,N.B.    ,Que.  ,Ont.,Man.,Sask.,Alta.    ,B.C.     ,Y.T.  ,N.W.T,Nun.,Canada (Average)
1975,"1,501.78","1,681.41","1,648.34","1,505.14","1,734.08","1,851.78","1,807.00","1,695.22","1,895.74","1,751.91","1,270.22","1,765.64",—,"1,776.65"
1976,"1,453.86","1,624.60","1,646.91","1,565.86","1,793.99","1,873.29","1,906.14","1,790.99","1,907.00","1,794.58","1,577.99","1,888.54",—,"1,815.34"
1977,"1,425.53","1,645.78","1,672.74","1,607.09","1,813.06","1,862.92","1,938.97","1,841.60","1,831.55","1,801.65","1,650.08","2,146.71",—,"1,817.24"
1978,"1,467.92","1,698.45","1,719.37","1,644.56","1,895.83","1,855.35","1,906.47","1,852.82","1,914.38","1,891.73","1,707.20","2,364.33",—,"1,857.20"
1979,"1,543.80","1,712.03","1,751.91","1,690.19","1,934.75","1,822.91","1,905.58","1,924.41","2,089.01","1,944.11","1,712.87","2,135.60",—,"1,883.76"
1980,"1,588.17","1,801.14","1,828.31","1,801.14","1,976.85","1,862.70","1,997.01","2,070.01","2,188.85","2,136.85","1,714.67","2,016.08",—,"1,957.15"
1981,"1,622.86","1,865.54","1,982.48","1,980.15","1,984.59","1,939.12","2,163.75","2,189.36","2,350.28","2,289.52","1,613.36","2,122.86",—,"2,043.19"
1982,"1,737.87","1,947.20","2,044.28","2,114.64","2,058.33","2,018.39","2,236.55","2,311.79","2,608.17","2,279.16","2,120.28","2,695.30",—,"2,133.24"
1983,"1,848.19","2,034.61","2,037.19","2,099.72","2,179.20","2,106.60","2,267.84","2,371.30","2,752.93","2,317.91","2,118.02","2,715.58",—,"2,220.29"
1984,"1,840.59","2,038.77","2,086.50","2,105.71","2,195.60","2,183.91","2,316.65","2,359.77","2,784.03","2,347.14","2,059.90","2,705.73",—,"2,261.27"
1985,"1,919.83","2,025.48","2,191.03","2,134.88","2,205.63","2,242.22","2,371.91","2,423.05","2,883.14","2,409.86","2,018.80","2,841.06",—,"2,312.31"
1986,"2,062.17","2,060.95","2,218.27","2,216.99","2,187.58","2,370.49","2,432.85","2,599.19","2,995.90","2,460.48","2,260.93","3,484.01",—,"2,388.20"
1987,"2,150.01","2,109.64","2,276.15","2,329.69","2,205.48","2,443.81","2,488.27","2,590.08","2,904.54","2,474.87","2,229.78","3,879.78",—,"2,422.31"
1988,"2,199.23","2,182.16","2,389.31","2,418.04","2,295.49","2,539.49","2,536.28","2,683.08","2,892.22","2,548.17","2,329.55","4,999.95",—,"2,503.50"
1989,"2,220.60","2,173.27","2,405.44","2,398.50","2,312.45","2,592.79","2,598.30","2,836.45","2,997.06","2,607.39","2,321.74","5,734.55",—,"2,554.69"
1990,"2,360.24","2,157.11","2,396.98","2,439.10","2,308.59","2,578.75","2,706.80","2,941.86","2,971.26","2,689.18","2,262.63","5,665.70",—,"2,568.05"
1991,"2,386.33","2,285.87","2,432.62","2,450.67","2,420.25","2,682.83","2,670.79","2,896.25","2,894.89","2,756.52","2,515.49","5,900.31",—,"2,636.77"
1992,"2,394.92","2,297.35","2,405.04","2,467.23","2,408.64","2,676.44","2,692.96","2,789.74","2,944.93","2,768.47","2,569.34","5,617.34",—,"2,634.68"
1993,"2,352.47","2,311.99","2,305.92","2,448.59","2,378.89","2,578.88","2,654.81","2,581.27","2,783.82","2,795.77","2,912.88","5,453.27",—,"2,566.76"
1994,"2,386.79","2,231.92","2,168.82","2,436.54","2,366.77","2,553.85","2,576.42","2,526.08","2,473.11","2,727.58","3,544.77","5,105.16",—,"2,508.46"
1995,"2,449.91","2,232.00","2,170.85","2,488.41","2,349.57","2,493.62","2,569.87","2,504.08","2,312.13","2,639.02","3,214.20","5,002.77",—,"2,457.27"
1996,"2,479.35","2,319.92","2,141.65","2,406.50","2,304.95","2,458.35","2,541.67","2,513.80","2,340.17","2,590.08","3,029.21","4,468.13",—,"2,425.73"
1997,"2,634.67","2,301.14","2,464.18","2,418.02","2,305.38","2,440.99","2,614.65","2,620.01","2,455.79","2,587.28","3,198.71","4,726.55",—,"2,450.45"
1998,"2,894.66","2,428.56","2,578.74","2,504.18","2,465.18","2,488.22","2,724.88","2,715.43","2,565.10","2,623.98","3,443.59","5,213.25",—,"2,541.82"
1999,"3,264.72","2,474.52","2,627.47","2,635.68","2,459.43","2,593.79","3,035.04","2,856.80","2,826.65","2,775.88","3,614.81","5,816.53","6,207.21","2,655.26"
2000,"3,220.16","2,468.62","2,542.86","2,656.36","2,489.66","2,707.07","3,131.31","2,903.33","2,923.26","2,894.13","3,682.03","5,133.72","6,836.21","2,732.44"
2001,"3,406.17","2,916.22","2,616.55","2,844.21","2,604.69","2,756.35","3,237.18","3,096.42","3,133.17","3,081.97","4,210.23","5,662.78","6,847.76","2,847.47"
2002,"3,543.57","3,124.91","2,756.46","2,907.64","2,638.69","2,830.85","3,320.22","3,162.48","3,220.54","3,165.00","4,302.34","5,998.04","7,560.83","2,919.10"
2003,"3,619.93","3,156.45","2,965.84","3,023.39","2,670.51","3,024.42","3,525.14","3,249.57","3,293.50","3,213.70","4,212.37","5,729.53","10,052.55","3,037.82"
2004,"3,650.20","3,010.96","2,990.33","3,203.61","2,778.41","3,158.78","3,630.38","3,400.64","3,453.08","3,207.89","4,370.37","5,994.85","9,843.78","3,144.85"
2005,"3,666.38","3,111.18","3,167.60","3,373.66","2,822.38","3,212.04","3,716.80","3,613.89","3,619.26","3,320.41","4,475.24","5,932.94","8,577.08","3,226.53"
2006,"3,781.24","3,170.12","3,385.40","3,594.47","2,928.53","3,281.78","3,777.92","3,755.50","3,717.66","3,238.51","4,859.65","5,941.16","9,221.20","3,299.83"
2007,"4,088.31","3,320.15","3,603.67","3,646.15","3,050.06","3,443.94","3,840.66","3,823.06","4,012.50","3,411.60","4,858.29","6,353.52","9,662.17","3,464.00"
2008,"4,196.93","3,411.59","3,603.96","3,642.07","3,097.51","3,468.26","3,915.12","3,886.89","4,002.93","3,457.24","4,986.74","6,488.53","8,910.01","3,496.37"
2009,"4,364.38","3,712.37","3,665.29","3,733.27","3,244.62","3,531.07","4,040.99","3,941.66","4,032.30","3,469.74","5,654.95","6,862.93","9,353.15","3,575.87"
2010,"4,676.98","3,955.24","3,972.94","3,884.34","3,312.68","3,617.27","4,119.05","4,064.71","4,385.52","3,564.06","5,745.65","7,363.98","9,434.86","3,701.51"
2011,"4,743.29","4,164.19","4,098.36","3,900.75","3,288.57","3,566.69","4,141.34","4,014.30","4,331.97","3,615.74","5,782.21","7,785.38","9,527.95","3,683.25"
2012,"5,059.79","4,107.80","4,147.11","3,852.78","3,279.90","3,643.97","4,267.29","4,085.27","4,323.89","3,741.77","5,782.33","7,866.76","9,634.23","3,739.49"
2013,"5,008.24","3,971.85","4,042.68","3,737.43","3,254.28","3,607.05","4,222.25","4,138.80","4,297.12","3,663.94","5,829.87","8,598.41","9,564.76","3,701.67"
2014,"4,905.67","3,922.38","4,068.46","3,656.37","3,245.04","3,626.88","4,094.57","4,099.54","4,210.02","3,623.34","5,785.63","9,042.98","9,806.92","3,685.28"
2015,"4,975.29","3,927.92","4,113.76","3,716.38","3,463.59","3,672.87","4,167.02","4,078.89","4,209.59","3,693.45","6,008.30","9,182.56","10,192.06","3,769.51"
2016,"5,001.48","4,020.98","4,082.26","3,733.42","3,447.79","3,686.83","4,135.55","4,139.71","4,311.52","3,748.70","7,338.77","10,179.11","10,294.27","3,794.50"
2017,"5,004.65","4,010.84","4,088.95","3,727.93","3,500.00","3,686.24","4,070.05","4,118.32","4,411.41","3,741.77","7,931.48","9,649.86","10,963.31","3,814.33"
2018,"5,140.64","4,103.29","4,099.03","3,772.36","3,619.08","3,726.82","4,018.02","4,064.55","4,479.66","3,774.49","7,281.38","10,194.21","11,787.72","3,869.51"
2019,"5,389.20","4,132.85","4,226.51","3,768.60","3,707.97","3,717.58","3,994.69","4,104.18","4,383.23","3,811.79","6,572.95","10,015.11","12,125.91","3,886.01"
2020,"5,244.41","4,072.38","4,376.12","3,765.39","4,259.65","4,015.15","4,145.31","4,229.48","4,440.34","4,058.77","7,074.18","10,467.80","12,264.33","4,177.65"
2021,"5,759.14","4,359.69","4,524.88","4,071.14","4,530.41","4,216.26","4,170.12","4,321.37","4,594.70","4,375.42","7,146.42","10,806.32","11,641.11","4,399.52"
2022,"5,860.54","4,390.77","4,630.67","4,061.41","4,259.20","4,111.48","4,066.09","4,278.92","4,457.50","4,248.25","7,123.20","10,765.91","11,346.05","4,262.96"
2023 f,"6,012.13","4,751.26","4,725.76","3,787.64","4,102.20","3,979.71","3,828.84","4,443.36","4,482.08","4,250.10","7,551.16","10,513.40","12,372.20","4,177.56"
2024 f,"6,243.52","4,882.78","4,714.77","3,636.40","4,017.25","3,956.13","3,912.85","4,381.74","4,476.99","4,358.64","7,082.75","10,983.93","12,848.55","4,165.06"
Annual percentage change by year ,,,,,,,,,,,,,,
Year,N.L.   ,P.E.I.    ,N.S.   ,N.B.    ,Que.  ,Ont.,Man.,Sask.,Alta.    ,B.C.     ,Y.T.  ,N.W.T,Nun.,Canada (Average)
1975,—,—,—,—,—,—,—,—,—,—,—,—,—,—
1976,-3.2,-3.4,-0.1,4.0,3.5,1.2,5.5,5.6,0.6,2.4,24.2,7.0,—,2.2
1977,-1.9,1.3,1.6,2.6,1.1,-0.6,1.7,2.8,-4.0,0.4,4.6,13.7,—,0.1
1978,3.0,3.2,2.8,2.3,4.6,-0.4,-1.7,0.6,4.5,5.0,3.5,10.1,—,2.2
1979,5.2,0.8,1.9,2.8,2.1,-1.7,0.0,3.9,9.1,2.8,0.3,-9.7,—,1.4
1980,2.9,5.2,4.4,6.6,2.2,2.2,4.8,7.6,4.8,9.9,0.1,-5.6,—,3.9
1981,2.2,3.6,8.4,9.9,0.4,4.1,8.3,5.8,7.4,7.1,-5.9,5.3,—,4.4
1982,7.1,4.4,3.1,6.8,3.7,4.1,3.4,5.6,11.0,-0.5,31.4,27.0,—,4.4
1983,6.3,4.5,-0.3,-0.7,5.9,4.4,1.4,2.6,5.6,1.7,-0.1,0.8,—,4.1
1984,-0.4,0.2,2.4,0.3,0.8,3.7,2.2,-0.5,1.1,1.3,-2.7,-0.4,—,1.8
1985,4.3,-0.7,5.0,1.4,0.5,2.7,2.4,2.7,3.6,2.7,-2.0,5.0,—,2.3
1986,7.4,1.8,1.2,3.8,-0.8,5.7,2.6,7.3,3.9,2.1,12.0,22.6,—,3.3
1987,4.3,2.4,2.6,5.1,0.8,3.1,2.3,-0.4,-3.0,0.6,-1.4,11.4,—,1.4
1988,2.3,3.4,5.0,3.8,4.1,3.9,1.9,3.6,-0.4,3.0,4.5,28.9,—,3.4
1989,1.0,-0.4,0.7,-0.8,0.7,2.1,2.4,5.7,3.6,2.3,-0.3,14.7,—,2.0
1990,6.3,-0.7,-0.4,1.7,-0.2,-0.5,4.2,3.7,-0.9,3.1,-2.5,-1.2,—,0.5
1991,1.1,6.0,1.5,0.5,4.8,4.0,-1.3,-1.6,-2.6,2.5,11.2,4.1,—,2.7
1992,0.4,0.5,-1.1,0.7,-0.5,-0.2,0.8,-3.7,1.7,0.4,2.1,-4.8,—,-0.1
1993,-1.8,0.6,-4.1,-0.8,-1.2,-3.6,-1.4,-7.5,-5.5,1.0,13.4,-2.9,—,-2.6
1994,1.5,-3.5,-5.9,-0.5,-0.5,-1.0,-3.0,-2.1,-11.2,-2.4,21.7,-6.4,—,-2.3
1995,2.6,0.0,0.1,2.1,-0.7,-2.4,-0.3,-0.9,-6.5,-3.2,-9.3,-2.0,—,-2.0
1996,1.2,3.9,-1.3,-3.3,-1.9,-1.4,-1.1,0.4,1.2,-1.9,-5.8,-10.7,—,-1.3
1997,6.3,-0.8,15.1,0.5,0.0,-0.7,2.9,4.2,4.9,-0.1,5.6,5.8,—,1.0
1998,9.9,5.5,4.6,3.6,6.9,1.9,4.2,3.6,4.5,1.4,7.7,10.3,—,3.7
1999,12.8,1.9,1.9,5.3,-0.2,4.2,11.4,5.2,10.2,5.8,5.0,11.6,—,4.5
2000,-1.4,-0.2,-3.2,0.8,1.2,4.4,3.2,1.6,3.4,4.3,1.9,-11.7,10.1,2.9
2001,5.8,18.1,2.9,7.1,4.6,1.8,3.4,6.7,7.2,6.5,14.3,10.3,0.2,4.2
2002,4.0,7.2,5.3,2.2,1.3,2.7,2.6,2.1,2.8,2.7,2.2,5.9,10.4,2.5
2003,2.2,1.0,7.6,4.0,1.2,6.8,6.2,2.8,2.3,1.5,-2.1,-4.5,33.0,4.1
2004,0.8,-4.6,0.8,6.0,4.0,4.4,3.0,4.6,4.8,-0.2,3.8,4.6,-2.1,3.5
2005,0.4,3.3,5.9,5.3,1.6,1.7,2.4,6.3,4.8,3.5,2.4,-1.0,-12.9,2.6
2006,3.1,1.9,6.9,6.5,3.8,2.2,1.6,3.9,2.7,-2.5,8.6,0.1,7.5,2.3
2007,8.1,4.7,6.4,1.4,4.2,4.9,1.7,1.8,7.9,5.3,0.0,6.9,4.8,5.0
2008,2.7,2.8,0.0,-0.1,1.6,0.7,1.9,1.7,-0.2,1.3,2.6,2.1,-7.8,0.9
2009,4.0,8.8,1.7,2.5,4.7,1.8,3.2,1.4,0.7,0.4,13.4,5.8,5.0,2.3
2010,7.2,6.5,8.4,4.0,2.1,2.4,1.9,3.1,8.8,2.7,1.6,7.3,0.9,3.5
2011,1.4,5.3,3.2,0.4,-0.7,-1.4,0.5,-1.2,-1.2,1.4,0.6,5.7,1.0,-0.5
2012,6.7,-1.4,1.2,-1.2,-0.3,2.2,3.0,1.8,-0.2,3.5,0.0,1.0,1.1,1.5
2013,-1.0,-3.3,-2.5,-3.0,-0.8,-1.0,-1.1,1.3,-0.6,-2.1,0.8,9.3,-0.7,-1.0
2014,-2.0,-1.2,0.6,-2.2,-0.3,0.5,-3.0,-0.9,-2.0,-1.1,-0.8,5.2,2.5,-0.4
2015,1.4,0.1,1.1,1.6,6.7,1.3,1.8,-0.5,0.0,1.9,3.8,1.5,3.9,2.3
2016,0.5,2.4,-0.8,0.5,-0.5,0.4,-0.8,1.5,2.4,1.5,22.1,10.9,1.0,0.7
2017,0.1,-0.3,0.2,-0.1,1.5,0.0,-1.6,-0.5,2.3,-0.2,8.1,-5.2,6.5,0.5
2018,2.7,2.3,0.2,1.2,3.4,1.1,-1.3,-1.3,1.5,0.9,-8.2,5.6,7.5,1.4
2019,4.8,0.7,3.1,-0.1,2.5,-0.2,-0.6,1.0,-2.2,1.0,-9.7,-1.8,2.9,0.4
2020,-2.7,-1.5,3.5,-0.1,14.9,8.0,3.8,3.1,1.3,6.5,7.6,4.5,1.1,7.5
2021,9.8,7.1,3.4,8.1,6.4,5.0,0.6,2.2,3.5,7.8,1.0,3.2,-5.1,5.3
2022,1.8,0.7,2.3,-0.2,-6.0,-2.5,-2.5,-1.0,-3.0,-2.9,-0.3,-0.4,-2.5,-3.1
2023 f,2.6,8.2,2.1,-6.7,-3.7,-3.2,-5.8,3.8,0.6,0.0,6.0,-2.3,9.0,-2.0
2024 f,3.8,2.8,-0.2,-4.0,-2.1,-0.6,2.2,-1.4,-0.1,2.6,-6.2,4.5,3.9,-0.3
Note,,,,,,,,,,,,,,
f: Forecast,,,,,,,,,,,,,,
Source,,,,,,,,,,,,,,
"National Health Expenditure Database, 2024, Canadian Institute for Health Information.",,,,,,,,,,,,,,
End of worksheet,,,,,,,,,,,,,,